,Format,Time,Latitude,LatType,Longitude,LonType,Status,Satellite,LevelAccuracy,Altitude(sea),M(sea),Altitude(geoid),M(geoid),DGPS use,checksum,Lat,Lon,UTM_X,UTM_Y
1418,[2021-02-22 16:05:59.687] $GNGGA,70559.1,3713.9559020770002,N,13701.424979599,E,4,14,0.83,96.559,M,37.566,M,2.1,3006*59,37.232598367950004,137.02374965998334,679525.4058947066,4122594.5552687626
1419,[2021-02-22 16:05:59.781] $GNGGA,70559.2,3713.9559375090003,N,13701.424836161,E,4,14,0.83,96.98899999999999,M,37.566,M,2.2,3006*5B,37.23259895848334,137.02374726935003,679525.1923985844,4122594.6162575604
1420,[2021-02-22 16:05:59.890] $GNGGA,70559.3,3713.9559359759996,N,13701.424824255,E,4,14,0.83,97.025,M,37.566,M,2.3,3006*54,37.232598932933335,137.02374707091667,679525.174854334,4122594.6130462335
1421,[2021-02-22 16:06:00.015] $GNGGA,70559.4,3713.955939032,N,13701.424829451002,E,4,14,0.83,97.051,M,37.566,M,2.4,3006*5D,37.23259898386667,137.0237471575167,679525.1824165994,4122594.618861873
1422,[2021-02-22 16:06:00.078] $GNGGA,70559.5,3713.9559362970003,N,13701.424822354,E,4,13,0.98,97.022,M,37.566,M,2.5,3006*5F,37.23259893828334,137.0237470392333,679525.1720307178,4122594.613579752
1430,[2021-02-22 16:06:00.890] $GNGGA,70600.3,3713.9559644140004,N,13701.424816842,E,4,13,0.98,97.133,M,37.566,M,3.3,3006*51,37.232599406900015,137.02374694736667,679525.1627687014,4122594.665401479
1431,[2021-02-22 16:06:01.015] $GNGGA,70600.4,3713.95593991,N,13701.424813775,E,4,13,0.98,97.016,M,37.566,M,3.4,3006*58,37.2325989985,137.02374689625,679525.1592024947,4122594.6199899577
1432,[2021-02-22 16:06:01.078] $GNGGA,70600.5,3713.9559404459997,N,13701.424813769,E,4,13,0.98,97.012,M,37.566,M,3.5,3006*51,37.23259900743332,137.02374689615002,679525.1591724309,4122594.620980976
1433,[2021-02-22 16:06:01.187] $GNGGA,70600.6,3713.955960758,N,13701.424817508001,E,4,13,0.98,97.10600000000001,M,37.566,M,3.6,3006*5A,37.23259934596666,137.0237469584667,679525.1638980353,4122594.6586615937
1434,[2021-02-22 16:06:01.281] $GNGGA,70600.7,3713.9559400929998,N,13701.424817215,E,4,13,0.98,97.01299999999999,M,37.566,M,3.7,3006*56,37.23259900154999,137.02374695358333,679525.1642818288,4122594.6204371247
1435,[2021-02-22 16:06:01.390] $GNGGA,70600.8,3713.955939235,N,13701.424815731001,E,4,13,0.98,97.00399999999999,M,37.566,M,3.8,3006*51,37.23259898725,137.02374692885004,679525.1621214348,4122594.618803535
1436,[2021-02-22 16:06:01.500] $GNGGA,70600.9,3713.955939074,N,13701.424816916999,E,4,13,0.98,97.00399999999999,M,37.566,M,3.9,3006*5F,37.23259898456667,137.02374694861663,679525.1638814774,4122594.618543297
1437,[2021-02-22 16:06:01.578] $GNGGA,70601.0,3713.955939821,N,13701.424816232,E,4,13,0.98,96.999,M,37.566,M,4.0,3006*51,37.23259899701666,137.0237469372,679525.1628390672,4122594.6199030466
1438,[2021-02-22 16:06:01.687] $GNGGA,70601.1,3713.955940757,N,13701.424816768,E,4,13,0.98,96.99799999999999,M,37.566,M,4.1,3006*5A,37.23259901261666,137.02374694613331,679525.1635946169,4122594.621650909
1439,[2021-02-22 16:06:01.781] $GNGGA,70601.2,3713.955941103,N,13701.424816818,E,4,13,0.98,96.999,M,37.566,M,4.2,3006*55,37.23259901838333,137.02374694696664,679525.1636548695,4122594.6222923393
1440,[2021-02-22 16:06:01.890] $GNGGA,70601.3,3713.955943313,N,13701.424818028001,E,4,13,0.98,96.99700000000001,M,37.566,M,4.3,3006*5F,37.23259905521666,137.02374696713338,679525.1653566688,4122594.6264174827
1441,[2021-02-22 16:06:02.015] $GNGGA,70601.4,3713.95593467,N,13701.424842241,E,4,13,0.98,96.99700000000001,M,37.566,M,4.4,3006*5D,37.23259891116666,137.0237473706833,679525.2015010437,4122594.611199686
1442,[2021-02-22 16:06:02.078] $GNGGA,70601.5,3713.955947653,N,13701.424822801999,E,4,13,0.98,96.988,M,37.566,M,4.5,3006*5D,37.232599127549996,137.02374704669998,679525.1722441673,4122594.6345942477
1443,[2021-02-22 16:06:02.187] $GNGGA,70601.6,3713.9559582059997,N,13701.424824917,E,4,13,0.98,97.056,M,37.566,M,4.6,3006*5F,37.232599303433325,137.02374708195,679525.1749542829,4122594.654176477
1444,[2021-02-22 16:06:02.281] $GNGGA,70601.7,3713.955949087,N,13701.42482734,E,4,13,0.98,96.995,M,37.566,M,4.7,3006*58,37.232599151449996,137.02374712233333,679525.1788976043,4122594.6373895663
1445,[2021-02-22 16:06:02.406] $GNGGA,70601.8,3713.955947386,N,13701.424826625,E,4,13,0.98,97.00399999999999,M,37.566,M,4.8,3006*53,37.232599123099995,137.02374711041668,679525.1779076215,4122594.634221351
1446,[2021-02-22 16:06:02.484] $GNGGA,70601.9,3713.95594601,N,13701.424830663998,E,4,13,0.98,96.995,M,37.566,M,4.9,3006*5C,37.232599100166674,137.0237471777333,679525.183934306,4122594.6318044416
1447,[2021-02-22 16:06:02.578] $GNGGA,70602.0,3713.95594815,N,13701.424824677,E,4,13,0.98,97.008,M,37.566,M,5.0,3006*5E,37.23259913583333,137.02374707795,679525.1749969935,4122594.635572612
1448,[2021-02-22 16:06:02.687] $GNGGA,70602.1,3713.955947758,N,13701.424824078,E,4,13,0.98,97.012,M,37.566,M,5.1,3006*5D,37.2325991293,137.02374706796667,679525.1741267809,4122594.63482876
1449,[2021-02-22 16:06:02.812] $GNGGA,70602.2,3713.955947417,N,13701.424824873,E,4,13,0.98,97.01700000000001,M,37.566,M,5.2,3006*53,37.232599123616666,137.0237470812167,679525.1753157947,4122594.6342232917
1450,[2021-02-22 16:06:02.875] $GNGGA,70602.3,3713.9559474979997,N,13701.424825625,E,4,13,0.98,97.01799999999999,M,37.566,M,5.3,3006*57,37.23259912496666,137.02374709375,679525.1764245367,4122594.634396855
1451,[2021-02-22 16:06:02.984] $GNGGA,70602.4,3713.955945678,N,13701.424825486001,E,4,13,0.98,97.021,M,37.566,M,5.4,3006*58,37.23259909463333,137.02374709143334,679525.1762909645,4122594.6310267863
1452,[2021-02-22 16:06:03.078] $GNGGA,70602.5,3713.955945026,N,13701.424825623999,E,4,13,0.98,97.022,M,37.566,M,5.5,3006*5C,37.23259908376667,137.02374709373333,679525.1765207971,4122594.6298254244
1453,[2021-02-22 16:06:03.203] $GNGGA,70602.6,3713.9559435,N,13701.424824521999,E,4,13,0.98,97.022,M,37.566,M,5.6,3006*5F,37.232599058333335,137.02374707536666,679525.1749516525,4122594.6269685957
1454,[2021-02-22 16:06:03.281] $GNGGA,70602.7,3713.955943197,N,13701.424823092,E,4,13,0.98,97.023,M,37.566,M,5.7,3006*5D,37.23259905328333,137.02374705153335,679525.1728491576,4122594.62636306
1455,[2021-02-22 16:06:03.375] $GNGGA,70602.8,3713.95594319,N,13701.424821538001,E,4,13,0.98,97.01899999999999,M,37.566,M,5.8,3006*54,37.23259905316667,137.02374702563336,679525.170551606,4122594.626300988
1456,[2021-02-22 16:06:03.484] $GNGGA,70602.9,3713.955944646,N,13701.424822612,E,4,13,0.98,97.045,M,37.566,M,5.9,3006*5E,37.23259907743333,137.02374704353335,679525.172082115,4122594.6290274793
1457,[2021-02-22 16:06:03.609] $GNGGA,70603.0,3713.955944612,N,13701.424823363,E,4,13,0.98,97.042,M,37.566,M,6.0,3006*58,37.23259907686667,137.02374705605,679525.1731939274,4122594.628988347
1458,[2021-02-22 16:06:03.687] $GNGGA,70603.1,3713.955945286,N,13701.424822481002,E,4,13,0.98,97.014,M,37.566,M,6.1,3006*59,37.232599088099995,137.02374704135002,679525.171863107,4122594.6302068722
1459,[2021-02-22 16:06:03.781] $GNGGA,70603.2,3713.9559455870003,N,13701.424822625,E,4,13,0.98,97.008,M,37.566,M,6.2,3006*5E,37.23259909311667,137.02374704375,679525.172064132,4122594.6307680556
1460,[2021-02-22 16:06:03.890] $GNGGA,70603.3,3713.955946517,N,13701.42482163,E,4,13,0.98,97.008,M,37.566,M,6.3,3006*53,37.23259910861667,137.02374702716665,679525.1705560986,4122594.6324564232
1461,[2021-02-22 16:06:04.015] $GNGGA,70603.4,3713.9559465959996,N,13701.424820931,E,4,13,0.98,97.009,M,37.566,M,6.4,3006*54,37.23259910993333,137.02374701551668,679525.1695193988,4122594.6325804177
1462,[2021-02-22 16:06:04.078] $GNGGA,70603.5,3713.9559477659996,N,13701.424821199,E,4,13,0.98,97.008,M,37.566,M,6.5,3006*52,37.232599129433325,137.02374701998335,679525.1698694194,4122594.6347525376
1463,[2021-02-22 16:06:04.187] $GNGGA,70603.6,3713.955947532,N,13701.424821221,E,4,13,0.98,97.006,M,37.566,M,6.6,3006*5F,37.23259912553333,137.02374702035,679525.1699111983,4122594.6343205045
1464,[2021-02-22 16:06:04.281] $GNGGA,70603.7,3713.9559455179997,N,13701.424821588998,E,4,13,0.98,97.029,M,37.566,M,6.7,3006*5D,37.23259909196666,137.0237470264833,679525.1705349714,4122594.630607703
1465,[2021-02-22 16:06:04.406] $GNGGA,70603.8,3713.955942119,N,13701.424821682,E,4,13,0.98,97.03,M,37.566,M,6.8,3006*5F,37.23259903531667,137.0237470280333,679525.1708068742,4122594.6243249686
1466,[2021-02-22 16:06:04.484] $GNGGA,70603.9,3713.9559392409997,N,13701.42482236,E,4,13,0.98,97.03200000000001,M,37.566,M,6.9,3006*55,37.23259898735,137.02374703933336,679525.1719231956,4122594.619024198
1467,[2021-02-22 16:06:04.578] $GNGGA,70604.0,3713.955938934,N,13701.42482419,E,4,13,0.98,97.036,M,37.566,M,7.0,3006*54,37.232598982233334,137.02374706983332,679525.174641266,4122594.6185143245
1468,[2021-02-22 16:06:04.687] $GNGGA,70604.1,3713.9559399570003,N,13701.424823897,E,4,13,0.98,97.03399999999999,M,37.566,M,2.1,3006*5E,37.23259899928334,137.02374706495,679525.1741675744,4122594.620396868
1469,[2021-02-22 16:06:04.781] $GNGGA,70604.2,3713.9559459370003,N,13701.42482251,E,4,13,0.98,97.042,M,37.566,M,2.2,3006*51,37.23259909895001,137.02374704183333,679525.1718802475,4122594.6314116674
1470,[2021-02-22 16:06:04.906] $GNGGA,70604.3,3713.955945999,N,13701.424821466999,E,4,13,0.98,97.045,M,37.566,M,2.3,3006*50,37.23259909998334,137.02374702444996,679525.1703355573,4122594.6314933477
1471,[2021-02-22 16:06:04.984] $GNGGA,70604.4,3713.955940553,N,13701.424821613,E,4,13,0.98,97.03,M,37.566,M,2.4,3006*5C,37.23259900921667,137.02374702688334,679525.1707667662,4122594.6214268287
1472,[2021-02-22 16:06:05.078] $GNGGA,70604.5,3713.955941905,N,13701.424822252,E,4,13,0.98,97.016,M,37.566,M,2.5,3006*54,37.232599031750006,137.02374703753333,679525.1716581692,4122594.623947244
1473,[2021-02-22 16:06:05.187] $GNGGA,70604.6,3713.9559474420003,N,13701.424824062,E,4,13,0.98,97.046,M,37.566,M,2.6,3006*5E,37.23259912403334,137.0237470677,679525.1741156148,4122594.6342438855
1474,[2021-02-22 16:06:05.281] $GNGGA,70604.7,3713.9559402259997,N,13701.424824251999,E,4,13,0.98,97.03200000000001,M,37.566,M,2.7,3006*5F,37.232599003766666,137.02374707086665,679525.1746818615,4122594.620905543
1475,[2021-02-22 16:06:05.406] $GNGGA,70604.8,3713.9559393759996,N,13701.424823229,E,4,13,0.98,97.02,M,37.566,M,2.8,3006*5D,37.23259898959999,137.02374705381663,679525.1732028038,4122594.619301321
1476,[2021-02-22 16:06:05.484] $GNGGA,70604.9,3713.955943435,N,13701.424823461999,E,4,13,0.98,97.041,M,37.566,M,2.9,3006*5E,37.23259905725,137.0237470577,679525.1733868496,4122594.6268148837
1477,[2021-02-22 16:06:05.578] $GNGGA,70605.0,3713.955936395,N,13701.424820626002,E,4,13,0.98,97.014,M,37.566,M,3.0,3006*50,37.23259893991666,137.02374701043337,679525.169471733,4122594.613706352
1478,[2021-02-22 16:06:05.687] $GNGGA,70605.1,3713.955937082,N,13701.424820944,E,4,13,0.98,97.038,M,37.566,M,3.1,3006*51,37.23259895136667,137.0237470157333,679525.1699147783,4122594.6149868546
1479,[2021-02-22 16:06:05.781] $GNGGA,70605.2,3713.9559338709996,N,13701.424818803,E,4,13,0.98,97.02,M,37.566,M,3.2,3006*51,37.23259889784999,137.02374698005,679525.1668759345,4122594.6089811567
1480,[2021-02-22 16:06:05.906] $GNGGA,70605.3,3713.955933214,N,13701.424817022,E,4,13,0.98,97.015,M,37.566,M,3.3,3006*5A,37.23259888690001,137.02374695036664,679525.1642684253,4122594.607709882
1481,[2021-02-22 16:06:05.984] $GNGGA,70605.4,3713.9559329209997,N,13701.42481613,E,4,13,0.98,97.021,M,37.566,M,3.4,3006*52,37.23259888201666,137.02374693550001,679525.1629610538,4122594.6071398454
1482,[2021-02-22 16:06:06.077] $GNGGA,70605.5,3713.9559379109996,N,13701.424815721,E,4,13,0.98,97.04700000000001,M,37.566,M,3.5,3006*51,37.23259896518333,137.02374692868335,679525.1621589919,4122594.616354781
1483,[2021-02-22 16:06:06.187] $GNGGA,70605.6,3713.95593832,N,13701.424815129,E,4,13,0.98,97.044,M,37.566,M,3.6,3006*5B,37.232598972000005,137.02374691881664,679525.1612674554,4122594.6170924203
1484,[2021-02-22 16:06:06.281] $GNGGA,70605.7,3713.955932046,N,13701.4248136,E,4,13,0.98,97.01799999999999,M,37.566,M,3.7,3006*51,37.232598867433325,137.0237468933333,679525.1592546505,4122594.6054417486
1485,[2021-02-22 16:06:06.406] $GNGGA,70605.8,3713.9559306990004,N,13701.424814338001,E,4,13,0.98,97.014,M,37.566,M,3.8,3006*52,37.232598844983336,137.02374690563335,679525.1603991584,4122594.602974112
1486,[2021-02-22 16:06:06.484] $GNGGA,70605.9,3713.955931412,N,13701.424815625,E,4,13,0.98,97.007,M,37.566,M,3.9,3006*58,37.232598856866666,137.02374692708335,679525.1622739957,4122594.6043333295
1487,[2021-02-22 16:06:06.577] $GNGGA,70606.0,3713.955929002,N,13701.424817678,E,4,13,0.98,97.01799999999999,M,37.566,M,4.0,3006*54,37.232598816700005,137.0237469613,679525.1654049559,4122594.5999414865
1488,[2021-02-22 16:06:06.687] $GNGGA,70606.1,3713.9559288040005,N,13701.424817518,E,4,13,0.98,97.01700000000001,M,37.566,M,4.1,3006*51,37.23259881340001,137.02374695863332,679525.1651762008,4122594.5995702725
1489,[2021-02-22 16:06:06.812] $GNGGA,70606.2,3713.9559277290005,N,13701.424817763998,E,4,13,0.98,97.023,M,37.566,M,4.2,3006*50,37.23259879548334,137.0237469627333,679525.1655824494,4122594.5975900823
1490,[2021-02-22 16:06:06.874] $GNGGA,70606.3,3713.9559277,N,13701.424817434,E,4,13,0.98,97.023,M,37.566,M,4.3,3006*5D,37.232598794999994,137.02374695723333,679525.1650956429,4122594.5975260194
1491,[2021-02-22 16:06:06.984] $GNGGA,70606.4,3713.955934015,N,13701.424815618,E,4,13,0.98,97.044,M,37.566,M,4.4,3006*53,37.232598900250004,137.02374692696668,679525.1621607293,4122594.6091467626
1492,[2021-02-22 16:06:07.077] $GNGGA,70606.5,3713.955930563,N,13701.424813496002,E,4,13,0.98,97.01799999999999,M,37.566,M,4.5,3006*58,37.23259884271667,137.0237468916,679525.1591595075,4122594.6026959927
1493,[2021-02-22 16:06:07.202] $GNGGA,70606.6,3713.955932157,N,13701.424811403,E,4,13,0.98,97.015,M,37.566,M,4.6,3006*5A,37.23259886928333,137.02374685671668,679525.1560016612,4122594.6055775634
1494,[2021-02-22 16:06:07.281] $GNGGA,70606.7,3713.9559325620003,N,13701.424809925,E,4,13,0.98,97.014,M,37.566,M,4.7,3006*59,37.23259887603334,137.02374683208336,679525.1538001985,4122594.606279795
1495,[2021-02-22 16:06:07.374] $GNGGA,70606.8,3713.9559327829998,N,13701.424809138001,E,4,13,0.98,97.01,M,37.566,M,4.8,3006*54,37.23259887971667,137.02374681896669,679525.1526277582,4122594.606663603
1496,[2021-02-22 16:06:07.484] $GNGGA,70606.9,3713.9559331190003,N,13701.42480976,E,4,13,0.98,97.008,M,37.566,M,4.9,3006*52,37.23259888531667,137.0237468293333,679525.1535341927,4122594.6073046224
1497,[2021-02-22 16:06:07.609] $GNGGA,70607.0,3713.955933766,N,13701.424810997,E,4,13,0.98,97.005,M,37.566,M,5.0,3006*5F,37.232598896099994,137.02374684995,679525.1553377092,4122594.6085402067
1498,[2021-02-22 16:06:07.687] $GNGGA,70607.1,3713.955933482,N,13701.424812876001,E,4,13,0.98,97.006,M,37.566,M,5.1,3006*59,37.23259889136666,137.0237468812667,679525.1581273333,4122594.6080744155
1499,[2021-02-22 16:06:07.780] $GNGGA,70607.2,3713.955933331,N,13701.424814428,E,4,13,0.98,97.01100000000001,M,37.566,M,5.2,3006*51,37.23259888884999,137.02374690713333,679525.1604281724,4122594.6078442396
1500,[2021-02-22 16:06:07.890] $GNGGA,70607.3,3713.955933402,N,13701.424816408,E,4,13,0.98,97.007,M,37.566,M,5.3,3006*51,37.23259889003333,137.02374694013332,679525.1633530996,4122594.6080381344
1501,[2021-02-22 16:06:07.999] $GNGGA,70607.4,3713.955934715,N,13701.424816495,E,4,13,0.98,97.008,M,37.566,M,5.4,3006*58,37.23259891191666,137.02374694158334,679525.1634298323,4122594.610468978
1502,[2021-02-22 16:06:08.077] $GNGGA,70607.5,3713.9559321809998,N,13701.424815658,E,4,13,0.98,97.015,M,37.566,M,5.5,3006*59,37.23259886968333,137.02374692763334,679525.1622923852,4122594.6057564626
1503,[2021-02-22 16:06:08.187] $GNGGA,70607.6,3713.95593857,N,13701.424817145,E,4,13,0.98,97.031,M,37.566,M,5.6,3006*56,37.23259897616666,137.02374695241664,679525.1642385377,4122594.6176184705
1504,[2021-02-22 16:06:08.280] $GNGGA,70607.7,3713.955935755,N,13701.424816148,E,4,13,0.98,97.005,M,37.566,M,5.7,3006*55,37.232598929249995,137.0237469358,679525.1628756194,4122594.61238125
1505,[2021-02-22 16:06:08.405] $GNGGA,70607.8,3713.9559339740003,N,13701.424815609,E,4,13,0.98,97.01,M,37.566,M,5.8,3006*5B,37.232598899566675,137.02374692681664,679525.1621490383,4122594.6090706587
1506,[2021-02-22 16:06:08.484] $GNGGA,70607.9,3713.95593367,N,13701.424815192,E,4,13,0.98,97.012,M,37.566,M,5.9,3006*57,37.23259889449999,137.02374691986668,679525.1615444638,4122594.608495296
1507,[2021-02-22 16:06:08.577] $GNGGA,70608.0,3713.955932155,N,13701.424812981,E,4,13,0.98,97.008,M,37.566,M,6.0,3006*5C,37.232598869250005,137.02374688301666,679525.1583350552,4122594.605623751
1508,[2021-02-22 16:06:08.687] $GNGGA,70608.1,3713.955931813,N,13701.424810875,E,4,13,0.98,97.00299999999999,M,37.566,M,6.1,3006*57,37.232598863549995,137.02374684791667,679525.1552345317,4122594.6049247216
1509,[2021-02-22 16:06:08.812] $GNGGA,70608.2,3713.95593058,N,13701.424811592,E,4,13,0.98,97.014,M,37.566,M,6.2,3006*52,37.232598843,137.02374685986666,679525.1563434771,4122594.6026672367
1510,[2021-02-22 16:06:08.874] $GNGGA,70608.3,3713.955933421,N,13701.424811686002,E,4,13,0.98,97.01899999999999,M,37.566,M,6.3,3006*50,37.23259889035,137.02374686143335,679525.1563701467,4122594.6079239896
1511,[2021-02-22 16:06:08.984] $GNGGA,70608.4,3713.955932386,N,13701.424812701001,E,4,13,0.98,97.02,M,37.566,M,6.4,3006*5C,37.232598873099995,137.02374687835,679525.1579119014,4122594.6060420815
1512,[2021-02-22 16:06:09.077] $GNGGA,70608.5,3713.9559288859996,N,13701.424814572,E,4,13,0.98,96.995,M,37.566,M,6.5,3006*5A,37.23259881476667,137.02374690953332,679525.1608168425,4122594.599628778
1513,[2021-02-22 16:06:09.187] $GNGGA,70608.6,3713.955927446,N,13701.424815216002,E,4,13,0.98,96.995,M,37.566,M,6.6,3006*51,37.232598790766666,137.0237469202667,679525.1618260319,4122594.596986186
1514,[2021-02-22 16:06:09.312] $GNGGA,70608.7,3713.9559278270003,N,13701.424814481,E,4,13,0.98,96.993,M,37.566,M,6.7,3006*55,37.23259879711668,137.02374690801668,679525.1607241574,4122594.597667525
1515,[2021-02-22 16:06:09.374] $GNGGA,70608.8,3713.955929515,N,13701.424814211001,E,4,13,0.98,96.988,M,37.566,M,6.8,3006*52,37.23259882525,137.02374690351667,679525.160258179,4122594.6007805592
1516,[2021-02-22 16:06:09.483] $GNGGA,70608.9,3713.955927647,N,13701.424814361999,E,4,13,0.98,96.994,M,37.566,M,6.9,3006*50,37.23259879411667,137.02374690603332,679525.1605553111,4122594.597330892
1517,[2021-02-22 16:06:09.577] $GNGGA,70609.0,3713.9559272,N,13701.424815245,E,4,13,0.98,96.993,M,37.566,M,7.0,3006*55,37.232598786666664,137.02374692075,679525.1618786376,4122594.596532182
1518,[2021-02-22 16:06:09.687] $GNGGA,70609.1,3713.9559268929997,N,13701.424817288,E,4,13,0.98,96.994,M,37.566,M,2.1,3006*55,37.23259878155,137.0237469548,679525.1649116667,4122594.5960290423
1519,[2021-02-22 16:06:09.812] $GNGGA,70609.2,3713.955927907,N,13701.424815182,E,4,13,0.98,96.991,M,37.566,M,2.2,3006*56,37.23259879845,137.0237469197,679525.1617575279,4122594.5978376265
1520,[2021-02-22 16:06:09.874] $GNGGA,70609.3,3713.9559251359997,N,13701.424818935,E,4,13,0.98,97.00299999999999,M,37.566,M,2.3,3006*54,37.23259875226666,137.02374698225003,679525.1674164818,4122594.5928319395
1521,[2021-02-22 16:06:09.983] $GNGGA,70609.4,3713.955927597,N,13701.424814951999,E,4,13,0.98,97.001,M,37.566,M,2.4,3006*56,37.23259879328334,137.02374691586667,679525.1614296965,4122594.5972570824
1522,[2021-02-22 16:06:10.077] $GNGGA,70609.5,3713.955926878,N,13701.424816702,E,4,13,0.98,97.008,M,37.566,M,2.5,3006*5B,37.2325987813,137.0237469450333,679525.1640457656,4122594.5959827774
1523,[2021-02-22 16:06:10.187] $GNGGA,70609.6,3713.9559274579997,N,13701.424817546002,E,4,13,0.98,97.008,M,37.566,M,2.6,3006*57,37.232598790966655,137.0237469591,679525.1652708215,4122594.5970820356
1524,[2021-02-22 16:06:10.311] $GNGGA,70609.7,3713.955929488,N,13701.424815192,E,4,13,0.98,97.01,M,37.566,M,2.7,3006*52,37.2325988248,137.02374691986668,679525.1617098097,4122594.600761642
1525,[2021-02-22 16:06:10.374] $GNGGA,70609.8,3713.955928973,N,13701.424816465,E,4,13,0.98,97.007,M,37.566,M,2.8,3006*52,37.23259881621667,137.02374694108332,679525.163612494,4122594.5998495114
1526,[2021-02-22 16:06:10.483] $GNGGA,70609.9,3713.9559321720003,N,13701.424817391999,E,4,13,0.98,97.007,M,37.566,M,2.9,3006*5E,37.232598869533334,137.0237469565333,679525.1648567251,4122594.605794638
1527,[2021-02-22 16:06:10.577] $GNGGA,70610.0,3713.9559325190003,N,13701.424818383,E,4,13,0.98,97.009,M,37.566,M,3.0,3006*5F,37.23259887531667,137.02374697305,679525.1663083571,4122594.6064676633
1528,[2021-02-22 16:06:10.687] $GNGGA,70610.1,3713.955932575,N,13701.424819126001,E,4,13,0.98,97.01,M,37.566,M,3.1,3006*51,37.23259887625,137.02374698543335,679525.1674047825,4122594.606594712
1529,[2021-02-22 16:06:10.811] $GNGGA,70610.2,3713.955932399,N,13701.424820596001,E,4,13,0.98,97.012,M,37.566,M,3.2,3006*52,37.23259887331667,137.02374700993334,679525.1695853622,4122594.606315714
1530,[2021-02-22 16:06:10.874] $GNGGA,70610.3,3713.9559307179998,N,13701.424821691999,E,4,13,0.98,97.01299999999999,M,37.566,M,3.3,3006*5A,37.232598845300004,137.02374702819998,679525.1712724274,4122594.603241735
1531,[2021-02-22 16:06:10.983] $GNGGA,70610.4,3713.955929147,N,13701.424823203,E,4,13,0.98,97.01700000000001,M,37.566,M,3.4,3006*54,37.23259881911667,137.02374705338335,679525.1735687916,4122594.6003842973
1532,[2021-02-22 16:06:11.077] $GNGGA,70610.5,3713.9559284879997,N,13701.424822755,E,4,13,0.98,97.02,M,37.566,M,3.5,3006*50,37.232598808133325,137.02374704591665,679525.1729324071,4122594.5991514632
1533,[2021-02-22 16:06:11.202] $GNGGA,70610.6,3713.9559294170003,N,13701.424822709,E,4,13,0.98,97.021,M,37.566,M,3.6,3006*5F,37.23259882361668,137.02374704514997,679525.1728276564,4122594.600867984
1534,[2021-02-22 16:06:11.280] $GNGGA,70610.7,3713.955927531,N,13701.424821785,E,4,13,0.98,97.029,M,37.566,M,3.7,3006*5B,37.23259879218333,137.02374702974998,679525.1715359483,4122594.5973510444
1535,[2021-02-22 16:06:11.390] $GNGGA,70610.8,3713.955928534,N,13701.424819966001,E,4,13,0.98,97.03,M,37.566,M,3.8,3006*51,37.2325988089,137.02374699943337,679525.1688066267,4122594.5991483587
1536,[2021-02-22 16:06:11.483] $GNGGA,70610.9,3713.9559277290005,N,13701.42481903,E,4,13,0.98,97.031,M,37.566,M,3.9,3006*5B,37.23259879548334,137.02374698383335,679525.1674544306,4122594.5976301054
1537,[2021-02-22 16:06:11.608] $GNGGA,70611.0,3713.955927244,N,13701.424818282,E,4,13,0.98,97.03200000000001,M,37.566,M,4.0,3006*5A,37.23259878740001,137.02374697136665,679525.1663675694,4122594.596709562
1538,[2021-02-22 16:06:11.686] $GNGGA,70611.1,3713.955926512,N,13701.424816849,E,4,13,0.98,97.03200000000001,M,37.566,M,4.1,3006*5C,37.232598775199996,137.02374694748332,679525.1642776004,4122594.595310591
1539,[2021-02-22 16:06:11.780] $GNGGA,70611.2,3713.955929185,N,13701.424817708,E,4,13,0.98,97.04700000000001,M,37.566,M,4.2,3006*50,37.232598819749995,137.02374696180004,679525.1654420855,4122594.6002808516
1540,[2021-02-22 16:06:11.890] $GNGGA,70611.3,3713.955924269,N,13701.424815755,E,4,13,0.98,97.029,M,37.566,M,4.3,3006*5E,37.23259873781667,137.02374692924997,679525.162748633,4122594.5911280895
1541,[2021-02-22 16:06:12.014] $GNGGA,70611.4,3713.955923095,N,13701.424816342,E,4,13,0.98,97.029,M,37.566,M,4.4,3006*59,37.232598718249996,137.02374693903334,679525.1636630249,4122594.5889756004
1542,[2021-02-22 16:06:12.077] $GNGGA,70611.5,3713.955928413,N,13701.424815248001,E,4,13,0.98,97.041,M,37.566,M,4.5,3006*5E,37.23259880688334,137.02374692080002,679525.1618351166,4122594.598775444
1543,[2021-02-22 16:06:12.186] $GNGGA,70611.6,3713.955924614,N,13701.424816077,E,4,13,0.98,97.027,M,37.566,M,4.6,3006*5A,37.23259874356667,137.02374693461667,679525.1632111212,4122594.591776267
1544,[2021-02-22 16:06:12.280] $GNGGA,70611.7,3713.955924753,N,13701.424815262,E,4,13,0.98,97.02600000000001,M,37.566,M,4.7,3006*5C,37.23259874588334,137.02374692103336,679525.1620005267,4122594.5920075527
1545,[2021-02-22 16:06:12.405] $GNGGA,70611.8,3713.955926592,N,13701.424815455,E,4,13,0.98,97.021,M,37.566,M,4.8,3006*54,37.23259877653333,137.02374692425002,679525.1622131969,4122594.5954144634
1546,[2021-02-22 16:06:12.483] $GNGGA,70611.9,3713.955929855,N,13701.424815791,E,4,13,0.98,97.039,M,37.566,M,4.9,3006*5F,37.232598830916665,137.02374692985,679525.1625810107,4122594.6014592596
1547,[2021-02-22 16:06:12.577] $GNGGA,70612.0,3713.955926037,N,13701.424814681,E,4,13,0.98,97.01799999999999,M,37.566,M,5.0,3006*5C,37.232598767283335,137.02374691135003,679525.1610906618,4122594.5943636484
1548,[2021-02-22 16:06:12.686] $GNGGA,70612.1,3713.955925123,N,13701.424814728001,E,4,13,0.98,97.01700000000001,M,37.566,M,5.1,3006*56,37.232598752049995,137.02374691213333,679525.1611962935,4122594.592674899
1549,[2021-02-22 16:06:12.811] $GNGGA,70612.2,3713.9559239120003,N,13701.424814614,E,4,13,0.98,97.01899999999999,M,37.566,M,5.2,3006*5A,37.23259873186667,137.02374691023334,679525.161075608,4122594.5904318294
1550,[2021-02-22 16:06:12.874] $GNGGA,70612.3,3713.955926962,N,13701.424815715,E,4,13,0.98,97.03299999999999,M,37.566,M,5.3,3006*51,37.2325987827,137.02374692858334,679525.1625830166,4122594.5961069153
1551,[2021-02-22 16:06:12.983] $GNGGA,70612.4,3713.955927168,N,13701.424814043,E,4,13,0.98,97.03299999999999,M,37.566,M,5.4,3006*57,37.23259878613333,137.02374690071667,679525.1601025611,4122594.5964350062
1552,[2021-02-22 16:06:13.077] $GNGGA,70612.5,3713.955921927,N,13701.424813542,E,4,13,0.98,97.014,M,37.566,M,5.5,3006*54,37.23259869878333,137.02374689236666,679525.1595689693,4122594.586727132
1553,[2021-02-22 16:06:13.218] $GNGGA,70612.6,3713.955922348,N,13701.424814552,E,4,13,0.98,97.01,M,37.566,M,5.6,3006*56,37.2325987058,137.02374690919999,679525.1610457643,4122594.5875376062
1554,[2021-02-22 16:06:13.280] $GNGGA,70612.7,3713.955923897,N,13701.424813791002,E,4,13,0.98,97.007,M,37.566,M,5.7,3006*52,37.23259873161667,137.02374689651668,679525.1598592687,4122594.590378071
1555,[2021-02-22 16:06:13.374] $GNGGA,70612.8,3713.955924341,N,13701.424813138,E,4,13,0.98,97.006,M,37.566,M,5.8,3006*51,37.232598739016666,137.02374688563336,679525.1588761535,4122594.591178504
1556,[2021-02-22 16:06:13.483] $GNGGA,70612.9,3713.955924521,N,13701.42481162,E,4,13,0.98,97.006,M,37.566,M,5.9,3006*5D,37.232598742016656,137.02374686033335,679525.1566244382,4122594.5914633824
1557,[2021-02-22 16:06:13.577] $GNGGA,70613.0,3713.9559255759996,N,13701.424811448998,E,4,13,0.98,97.00399999999999,M,37.566,M,6.0,3006*53,37.232598759599995,137.0237468574833,679525.156329871,4122594.5934089585
1558,[2021-02-22 16:06:13.702] $GNGGA,70613.1,3713.955925296,N,13701.424812562,E,4,13,0.98,97.006,M,37.566,M,6.1,3006*53,37.23259875493333,137.0237468760333,679525.1579866852,4122594.5929263486
1559,[2021-02-22 16:06:13.780] $GNGGA,70613.2,3713.9559247390002,N,13701.4248133,E,4,13,0.98,97.006,M,37.566,M,6.2,3006*51,37.23259874565001,137.02374688833333,679525.1590999562,4122594.5919196364
1560,[2021-02-22 16:06:13.874] $GNGGA,70613.3,3713.955925172,N,13701.424812293999,E,4,13,0.98,97.005,M,37.566,M,6.3,3006*57,37.23259875286667,137.02374687156666,679525.1575953104,4122594.592688567
1561,[2021-02-22 16:06:13.983] $GNGGA,70613.4,3713.955928083,N,13701.424808598,E,4,13,0.98,96.993,M,37.566,M,6.4,3006*52,37.23259880138333,137.02374680996667,679525.1520151107,4122594.5979549526
1562,[2021-02-22 16:06:14.077] $GNGGA,70613.5,3713.9559227190002,N,13701.424816706001,E,4,13,0.98,97.014,M,37.566,M,6.5,3006*51,37.23259871198334,137.02374694510002,679525.1642161211,4122594.5882917834
1563,[2021-02-22 16:06:14.202] $GNGGA,70613.6,3713.955923338,N,13701.424813525,E,4,13,0.98,97.00399999999999,M,37.566,M,6.6,3006*50,37.2325987223,137.02374689208332,679525.1594880456,4122594.589335918
1564,[2021-02-22 16:06:14.280] $GNGGA,70613.7,3713.955922626,N,13701.424814204,E,4,13,0.98,97.006,M,37.566,M,6.7,3006*5A,37.23259871043333,137.0237469034,679525.1605202027,4122594.5880407025
1565,[2021-02-22 16:06:14.374] $GNGGA,70613.8,3713.9559221540003,N,13701.424814114,E,4,13,0.98,97.016,M,37.566,M,6.8,3006*5B,37.232598702566676,137.0237469019,679525.1604057876,4122594.5871650022
1566,[2021-02-22 16:06:14.483] $GNGGA,70613.9,3713.955921702,N,13701.424812615,E,4,13,0.98,97.016,M,37.566,M,6.9,3006*5D,37.23259869503333,137.02374687691665,679525.1582071512,4122594.58628174
1567,[2021-02-22 16:06:14.577] $GNGGA,70614.0,3713.9559214690003,N,13701.424813171001,E,4,13,0.98,97.01799999999999,M,37.566,M,7.0,3006*5F,37.23259869115,137.02374688618337,679525.1590385016,4122594.5858684382
1568,[2021-02-22 16:06:14.702] $GNGGA,70614.1,3713.9559214240003,N,13701.424812851,E,4,13,0.98,97.01799999999999,M,37.566,M,7.1,3006*5C,37.2325986904,137.02374688085004,679525.1585671114,4122594.585775105
1569,[2021-02-22 16:06:14.780] $GNGGA,70614.2,3713.955923607,N,13701.424811663,E,4,13,0.98,97.016,M,37.566,M,7.2,3006*5F,37.23259872678333,137.02374686105,679525.1567241554,4122594.5897745076
1570,[2021-02-22 16:06:14.874] $GNGGA,70614.3,3713.95592492,N,13701.424812113,E,4,13,0.98,97.016,M,37.566,M,7.3,3006*51,37.232598748666675,137.02374686855,679525.1573376374,4122594.5922168284
1571,[2021-02-22 16:06:14.983] $GNGGA,70614.4,3713.9559272270003,N,13701.424813713998,E,4,13,0.98,97.016,M,37.566,M,7.4,3006*5E,37.23259878711668,137.0237468952333,679525.1596137471,4122594.5965337134
1572,[2021-02-22 16:06:15.077] $GNGGA,70614.5,3713.9559283520002,N,13701.424813083,E,4,13,0.98,97.01899999999999,M,37.566,M,7.5,3006*54,37.232598805866665,137.02374688471667,679525.1586362408,4122594.5985941947
1573,[2021-02-22 16:06:15.202] $GNGGA,70614.6,3713.9559312240003,N,13701.424815785,E,4,13,0.98,96.98700000000001,M,37.566,M,7.6,3006*54,37.232598853733336,137.02374692975002,679525.1625180145,4122594.6039907243
1574,[2021-02-22 16:06:15.280] $GNGGA,70614.7,3713.9559313709997,N,13701.42481342,E,4,13,0.98,97.01700000000001,M,37.566,M,7.7,3006*5E,37.23259885618332,137.02374689033337,679525.159015185,4122594.6041878
1575,[2021-02-22 16:06:15.389] $GNGGA,70614.8,3713.955932135,N,13701.424810783,E,4,13,0.98,97.005,M,37.566,M,7.8,3006*55,37.23259886891667,137.02374684638335,679525.1550857645,4122594.605517279
1576,[2021-02-22 16:06:15.483] $GNGGA,70614.9,3713.95593414,N,13701.424810998999,E,4,13,0.98,97.00399999999999,M,37.566,M,7.9,3006*55,37.232598902333336,137.0237468499833,679525.1553258771,4122594.609231898
1577,[2021-02-22 16:06:15.608] $GNGGA,70615.0,3713.9559351559997,N,13701.424812203,E,4,13,0.98,96.999,M,37.566,M,8.0,3006*5B,37.23259891926666,137.02374687005002,679525.1570660126,4122594.6111488207
1578,[2021-02-22 16:06:15.686] $GNGGA,70615.1,3713.955936861,N,13701.424805555,E,4,13,0.98,96.993,M,37.566,M,3.1,3006*56,37.232598947683336,137.02374675924997,679525.1471685029,4122594.614091663
1579,[2021-02-22 16:06:15.780] $GNGGA,70615.2,3713.95593464,N,13701.424812576,E,4,13,0.98,96.99700000000001,M,37.566,M,3.2,3006*5A,37.23259891066667,137.02374687626664,679525.157637947,4122594.61020639
1580,[2021-02-22 16:06:15.889] $GNGGA,70615.3,3713.955934298,N,13701.424815885,E,4,13,0.98,97.01,M,37.566,M,3.3,3006*5A,37.232598904966665,137.02374693141667,679525.1625443388,4122594.6096785483
1581,[2021-02-22 16:06:15.999] $GNGGA,70615.4,3713.955934827,N,13701.424812738998,E,4,13,0.98,97.029,M,37.566,M,3.4,3006*51,37.23259891378333,137.0237468789833,679525.1578715751,4122594.610557355
1582,[2021-02-22 16:06:16.077] $GNGGA,70615.5,3713.9559281959996,N,13701.424810348,E,4,13,0.98,97.01799999999999,M,37.566,M,3.5,3006*5D,37.23259880326666,137.02374683913337,679525.1545982916,4122594.5982192443
1583,[2021-02-22 16:06:16.186] $GNGGA,70615.6,3713.955925909,N,13701.424810593999,E,4,13,0.98,97.015,M,37.566,M,3.6,3006*54,37.23259876515,137.02374684323334,679525.1550524597,4122594.5939977365
1584,[2021-02-22 16:06:16.280] $GNGGA,70615.7,3713.955926894,N,13701.424811031999,E,4,14,0.89,97.03399999999999,M,37.566,M,3.7,3006*5E,37.23259878156667,137.0237468505333,679525.1556611644,4122594.595833117
1585,[2021-02-22 16:06:16.405] $GNGGA,70615.8,3713.955922912,N,13701.424809662,E,4,13,0.98,97.01799999999999,M,37.566,M,3.8,3006*56,37.232598715200005,137.02374682770002,679525.1537928488,4122594.588426005
1586,[2021-02-22 16:06:16.483] $GNGGA,70615.9,3713.9559212179997,N,13701.424809559,E,4,13,0.98,97.015,M,37.566,M,3.9,3006*52,37.23259868696666,137.02374682598335,679525.1537075246,4122594.5852900813
1587,[2021-02-22 16:06:16.577] $GNGGA,70616.0,3713.955918677,N,13701.424814313,E,4,13,0.98,97.01700000000001,M,37.566,M,4.0,3006*57,37.232598644616665,137.02374690521668,679525.1608375111,4122594.580741372
1588,[2021-02-22 16:06:16.686] $GNGGA,70616.1,3713.955920548,N,13701.424823782,E,4,13,0.98,97.02799999999999,M,37.566,M,4.1,3006*57,37.2325986758,137.02374706303334,679525.174764914,4122594.584500712
1589,[2021-02-22 16:06:16.811] $GNGGA,70616.2,3713.955918435,N,13701.424823587,E,4,13,0.98,97.01899999999999,M,37.566,M,4.2,3006*52,37.23259864058333,137.02374705978335,679525.1745601197,4122594.5805870355
1590,[2021-02-22 16:06:16.874] $GNGGA,70616.3,3713.955920758,N,13701.424823821999,E,4,13,0.98,97.025,M,37.566,M,4.3,3006*5C,37.2325986793,137.02374706369997,679525.1748157552,4122594.584890323
1591,[2021-02-22 16:06:16.983] $GNGGA,70616.4,3713.955925273,N,13701.424823975,E,4,13,0.98,97.031,M,37.566,M,4.4,3006*53,37.232598754550004,137.02374706625,679525.174863479,4122594.5932446234
1592,[2021-02-22 16:06:17.077] $GNGGA,70616.5,3713.9559271609996,N,13701.4248227,E,4,13,0.98,97.02600000000001,M,37.566,M,4.5,3006*5A,37.23259878601666,137.023747045,679525.1729035479,4122594.5966957402
1593,[2021-02-22 16:06:17.217] $GNGGA,70616.6,3713.955930202,N,13701.424816465,E,4,13,0.98,97.015,M,37.566,M,4.6,3006*5D,37.23259883670001,137.02374694108332,679525.1635639024,4122594.602122267
1594,[2021-02-22 16:06:17.280] $GNGGA,70616.7,3713.95593424,N,13701.424814039,E,4,13,0.98,97.005,M,37.566,M,4.7,3006*51,37.232598904,137.02374690064997,679525.159817033,4122594.6095129307
1595,[2021-02-22 16:06:17.389] $GNGGA,70616.8,3713.95593613,N,13701.424809705,E,4,13,0.98,97.00299999999999,M,37.566,M,4.8,3006*55,37.2325989355,137.02374682841668,679525.1533338244,4122594.6128710415
1596,[2021-02-22 16:06:17.483] $GNGGA,70616.9,3713.955938138,N,13701.424804412,E,4,13,0.98,97.0,M,37.566,M,4.9,3006*58,37.23259896896666,137.02374674019998,679525.1454279119,4122594.616417047
1597,[2021-02-22 16:06:17.608] $GNGGA,70617.0,3713.9559376509997,N,13701.424801296002,E,4,13,0.98,97.001,M,37.566,M,5.0,3006*51,37.23259896084999,137.0237466882667,679525.1408396831,4122594.615417943
1598,[2021-02-22 16:06:17.686] $GNGGA,70617.1,3713.955939505,N,13701.424797778998,E,4,13,0.98,97.001,M,37.566,M,5.1,3006*59,37.23259899175,137.02374662964996,679525.1355659472,4122594.6187353088
1599,[2021-02-22 16:06:17.780] $GNGGA,70617.2,3713.955938841,N,13701.424796436,E,4,13,0.98,97.00399999999999,M,37.566,M,5.2,3006*59,37.232598980683335,137.02374660726667,679525.1336063708,4122594.6174649354
1600,[2021-02-22 16:06:17.889] $GNGGA,70617.3,3713.9559403290004,N,13701.424794728999,E,4,13,0.98,97.001,M,37.566,M,5.3,3006*59,37.232599005483344,137.02374657881666,679525.131023475,4122594.620162689
1601,[2021-02-22 16:06:17.983] $GNGGA,70617.4,3713.955943256,N,13701.424794042,E,4,13,0.98,96.999,M,37.566,M,5.4,3006*50,37.232599054266664,137.02374656736663,679525.129891911,4122594.6255537886
1602,[2021-02-22 16:06:18.108] $GNGGA,70617.5,3713.95594599,N,13701.424792392,E,4,13,0.98,96.991,M,37.566,M,5.5,3006*57,37.23259909983333,137.02374653986664,679525.1273440365,4122594.6305575366
1603,[2021-02-22 16:06:18.186] $GNGGA,70617.6,3713.955946966,N,13701.424792643,E,4,13,0.98,96.985,M,37.566,M,5.6,3006*51,37.2325991161,137.02374654404997,679525.127676589,4122594.6323703593
1604,[2021-02-22 16:06:18.280] $GNGGA,70617.7,3713.9559482390005,N,13701.424791517,E,4,13,0.98,96.98200000000001,M,37.566,M,5.7,3006*58,37.232599137316676,137.02374652528331,679525.1259612946,4122594.634688888
1605,[2021-02-22 16:06:18.389] $GNGGA,70617.8,3713.955950297,N,13701.424792598998,E,4,13,0.98,96.978,M,37.566,M,5.8,3006*55,37.23259917161667,137.02374654331666,679525.127479831,4122594.638528894
1606,[2021-02-22 16:06:18.483] $GNGGA,70617.9,3713.95595032,N,13701.424795318,E,4,13,0.98,96.977,M,37.566,M,5.9,3006*5F,37.23259917199999,137.02374658863332,679525.1314993832,4122594.6386573836
1607,[2021-02-22 16:06:18.608] $GNGGA,70618.0,3713.9559481320002,N,13701.424797767,E,4,13,0.98,96.979,M,37.566,M,6.0,3006*5B,37.232599135533334,137.02374662945002,679525.1352071184,4122594.6346886
1608,[2021-02-22 16:06:18.686] $GNGGA,70618.1,3713.955946327,N,13701.424801004,E,4,13,0.98,96.976,M,37.566,M,6.1,3006*5E,37.23259910545001,137.02374668339996,679525.1400648828,4122594.6314529986
1609,[2021-02-22 16:06:18.780] $GNGGA,70618.2,3713.955947083,N,13701.424803732,E,4,13,0.98,96.976,M,37.566,M,6.2,3006*52,37.232599118050004,137.02374672886666,679525.1440687638,4122594.6329372902
1610,[2021-02-22 16:06:18.889] $GNGGA,70618.3,3713.955947792,N,13701.424806806,E,4,13,0.98,96.978,M,37.566,M,6.3,3006*56,37.23259912986667,137.0237467801,679525.148586116,4122594.6343456036
1611,[2021-02-22 16:06:18.983] $GNGGA,70618.4,3713.9559516070003,N,13701.424806541001,E,4,13,0.98,96.976,M,37.566,M,6.4,3006*5C,37.23259919345,137.02374677568335,679525.1480434389,4122594.641392199
1612,[2021-02-22 16:06:19.108] $GNGGA,70618.5,3713.955948595,N,13701.424808693,E,4,13,0.98,96.99,M,37.566,M,6.5,3006*56,37.232599143250006,137.02374681154998,679525.1513445871,4122594.6358902236
1613,[2021-02-22 16:06:19.186] $GNGGA,70618.6,3713.955946944,N,13701.42481061,E,4,13,0.98,96.99600000000001,M,37.566,M,6.6,3006*5C,37.232599115733336,137.02374684350002,679525.1542444481,4122594.63289768
1614,[2021-02-22 16:06:19.280] $GNGGA,70618.7,3713.9559460459996,N,13701.424812855,E,4,13,0.98,96.99799999999999,M,37.566,M,6.7,3006*54,37.232599100766656,137.0237468809167,679525.157599531,4122594.6313080043
1615,[2021-02-22 16:06:19.389] $GNGGA,70618.8,3713.955944309,N,13701.424815746,E,4,13,0.98,97.00299999999999,M,37.566,M,6.8,3006*5E,37.232599071816665,137.0237469291,679525.1619429983,4122594.6281872154
1616,[2021-02-22 16:06:19.483] $GNGGA,70618.9,3713.955946594,N,13701.42481307,E,4,13,0.98,96.994,M,37.566,M,6.9,3006*5C,37.23259910990001,137.02374688449999,679525.1578957734,4122594.6323282053
1617,[2021-02-22 16:06:19.608] $GNGGA,70619.0,3713.955944962,N,13701.424810345,E,4,13,0.98,97.00299999999999,M,37.566,M,7.0,3006*5B,37.232599082700006,137.02374683908334,679525.1539309677,4122594.629224045
1618,[2021-02-22 16:06:19.686] $GNGGA,70619.1,3713.9559463,N,13701.424807757,E,4,13,0.98,97.00299999999999,M,37.566,M,2.1,3006*53,37.232599105,137.02374679595,679525.1500513066,4122594.631616553
1619,[2021-02-22 16:06:19.780] $GNGGA,70619.2,3713.9559480529997,N,13701.424804952,E,4,13,0.98,96.99799999999999,M,37.566,M,2.2,3006*5A,37.23259913421666,137.0237467492,679525.1458343733,4122594.6347696516
1620,[2021-02-22 16:06:19.889] $GNGGA,70619.3,3713.955947987,N,13701.424807447,E,4,13,0.98,97.001,M,37.566,M,2.3,3006*57,37.23259913311667,137.02374679078335,679525.1495262258,4122594.634726477
1621,[2021-02-22 16:06:20.014] $GNGGA,70619.4,3713.955949416,N,13701.424807772,E,4,13,0.98,96.99700000000001,M,37.566,M,2.4,3006*5E,37.232599156933325,137.0237467962,679525.1499502866,4122594.63737936
1622,[2021-02-22 16:06:20.076] $GNGGA,70619.5,3713.955949998,N,13701.424808976,E,4,13,0.98,97.00200000000001,M,37.566,M,2.5,3006*54,37.232599166633335,137.02374681626668,679525.1517075791,4122594.6384936995
1623,[2021-02-22 16:06:20.186] $GNGGA,70619.6,3713.955951762,N,13701.424809712,E,4,13,0.98,96.994,M,37.566,M,2.6,3006*5C,37.232599196033334,137.02374682853335,679525.1527261242,4122594.6417790824
1624,[2021-02-22 16:06:20.280] $GNGGA,70619.7,3713.9559534709997,N,13701.424810473001,E,4,13,0.98,96.99600000000001,M,37.566,M,2.7,3006*51,37.23259922451666,137.02374684121668,679525.1537838089,4122594.6449635457
1625,[2021-02-22 16:06:20.405] $GNGGA,70619.8,3713.9559536340003,N,13701.424810561999,E,4,13,0.98,97.00200000000001,M,37.566,M,2.8,3006*56,37.23259922723334,137.0237468427,679525.1539089646,4122594.6452677925
1626,[2021-02-22 16:06:20.483] $GNGGA,70619.9,3713.9559512140004,N,13701.424810104,E,4,13,0.98,96.992,M,37.566,M,2.9,3006*57,37.2325991869,137.02374683506665,679525.1533274197,4122594.6407780754
1627,[2021-02-22 16:06:20.592] $GNGGA,70620.0,3713.9559543309997,N,13701.424809237,E,4,13,0.98,96.994,M,37.566,M,3.0,3006*52,37.23259923885,137.02374682061665,679525.151922188,4122594.646514846
1628,[2021-02-22 16:06:20.686] $GNGGA,70620.1,3713.955955046,N,13701.424809246999,E,4,13,0.98,96.993,M,37.566,M,3.1,3006*50,37.23259925076667,137.02374682078332,679525.1519087048,4122594.647837392
1629,[2021-02-22 16:06:20.811] $GNGGA,70620.2,3713.955956025,N,13701.424808678,E,4,13,0.98,96.991,M,37.566,M,3.2,3006*5D,37.23259926708333,137.02374681130001,679525.1510286466,4122594.64962984
1630,[2021-02-22 16:06:20.873] $GNGGA,70620.3,3713.955958483,N,13701.424808071999,E,4,13,0.98,96.991,M,37.566,M,3.3,3006*57,37.23259930804999,137.0237468012,679525.1500353974,4122594.654156192
1631,[2021-02-22 16:06:20.983] $GNGGA,70620.4,3713.9559603870002,N,13701.424806793,E,4,13,0.98,96.98899999999999,M,37.566,M,3.4,3006*50,37.23259933978334,137.02374677988334,679525.1480689193,4122594.6576367742
1632,[2021-02-22 16:06:21.076] $GNGGA,70620.5,3713.955957661,N,13701.424806545,E,4,13,0.98,96.985,M,37.566,M,3.5,3006*5C,37.232599294349995,137.02374677575,679525.1478099932,4122594.6525878175
1633,[2021-02-22 16:06:21.201] $GNGGA,70620.6,3713.9559574520003,N,13701.424804538,E,4,13,0.98,96.99,M,37.566,M,3.6,3006*52,37.23259929086668,137.02374674230003,679525.1448505998,4122594.6521378728
1634,[2021-02-22 16:06:21.280] $GNGGA,70620.7,3713.9559553070003,N,13701.424804458,E,4,13,0.98,96.992,M,37.566,M,3.7,3006*52,37.23259925511667,137.02374674096666,679525.1448171104,4122594.6481686537
1635,[2021-02-22 16:06:21.389] $GNGGA,70620.8,3713.955952959,N,13701.424805196,E,4,13,0.98,97.0,M,37.566,M,3.8,3006*51,37.232599215983335,137.0237467532667,679525.1460011954,4122594.6438498944
1636,[2021-02-22 16:06:21.483] $GNGGA,70620.9,3713.9559516540003,N,13701.424805727,E,4,13,0.98,97.0,M,37.566,M,3.9,3006*5C,37.23259919423334,137.02374676211667,679525.1468379558,4122594.641453382
1637,[2021-02-22 16:06:21.608] $GNGGA,70621.0,3713.955951112,N,13701.424805674,E,4,13,0.98,96.99700000000001,M,37.566,M,4.0,3006*5E,37.232599185199994,137.02374676123333,679525.1467810145,4122594.6404493987
1638,[2021-02-22 16:06:21.686] $GNGGA,70621.1,3713.955949393,N,13701.424806553001,E,4,13,0.98,96.99700000000001,M,37.566,M,4.1,3006*59,37.23259915655,137.02374677588335,679525.1481487204,4122594.6372982906
1639,[2021-02-22 16:06:21.780] $GNGGA,70621.2,3713.955949309,N,13701.424807373001,E,4,13,0.98,96.99600000000001,M,37.566,M,4.2,3006*5E,37.23259915515,137.02374678955002,679525.1493645359,4122594.637168874
1640,[2021-02-22 16:06:21.889] $GNGGA,70621.3,3713.955948222,N,13701.424806658999,E,4,13,0.98,96.99700000000001,M,37.566,M,4.3,3006*5A,37.23259913703333,137.02374677765,679525.1483517534,4122594.635136143
1641,[2021-02-22 16:06:21.998] $GNGGA,70621.4,3713.9559456720003,N,13701.424806308001,E,4,13,0.98,96.99799999999999,M,37.566,M,4.4,3006*58,37.232599094533334,137.0237467718,679525.1479335679,4122594.630409403
1642,[2021-02-22 16:06:22.076] $GNGGA,70621.5,3713.95594562,N,13701.424805393,E,4,13,0.98,96.994,M,37.566,M,4.5,3006*52,37.232599093666664,137.02374675655,679525.146582653,4122594.6302843145
1643,[2021-02-22 16:06:22.186] $GNGGA,70621.6,3713.955944027,N,13701.424806383999,E,4,13,0.98,96.991,M,37.566,M,4.6,3006*52,37.232599067116666,137.02374677306668,679525.1481109833,4122594.627369752
1644,[2021-02-22 16:06:22.279] $GNGGA,70621.7,3713.955942643,N,13701.424806048999,E,4,13,0.98,96.992,M,37.566,M,4.7,3006*51,37.23259904405,137.02374676748332,679525.1476703526,4122594.6247997703
1645,[2021-02-22 16:06:22.389] $GNGGA,70621.8,3713.95594207,N,13701.424808048001,E,4,13,0.98,96.988,M,37.566,M,4.8,3006*53,37.232599034500005,137.0237468008,679525.1506488399,4122594.623803334
1646,[2021-02-22 16:06:22.498] $GNGGA,70621.9,3713.95593968,N,13701.424809713,E,4,13,0.98,96.986,M,37.566,M,4.9,3006*50,37.232598994666674,137.02374682855,679525.1532052928,4122594.6194362114
1647,[2021-02-22 16:06:22.576] $GNGGA,70622.0,3713.955936558,N,13701.424810986002,E,4,13,0.98,96.988,M,37.566,M,5.0,3006*5F,37.23259894263333,137.02374684976667,679525.1552110559,4122594.613703027
1648,[2021-02-22 16:06:22.686] $GNGGA,70622.1,3713.955933744,N,13701.424815055,E,4,13,0.98,97.001,M,37.566,M,5.1,3006*5E,37.23259889573333,137.02374691758334,679525.1613389602,4122594.608627811
1649,[2021-02-22 16:06:22.779] $GNGGA,70622.2,3713.955935786,N,13701.424815606,E,4,13,0.98,97.00200000000001,M,37.566,M,5.2,3006*55,37.23259892976667,137.02374692676668,679525.1620729628,4122594.612421444
1650,[2021-02-22 16:06:22.889] $GNGGA,70622.3,3713.9559346090005,N,13701.424816581,E,4,13,0.98,97.005,M,37.566,M,5.3,3006*5A,37.23259891015,137.0237469430167,679525.16356119,4122594.6102756746
1651,[2021-02-22 16:06:22.998] $GNGGA,70622.4,3713.9559376029997,N,13701.424816708999,E,4,13,0.98,97.02799999999999,M,37.566,M,5.4,3006*5E,37.23259896005,137.02374694514998,679525.1636320783,4122594.615816441
1652,[2021-02-22 16:06:23.076] $GNGGA,70622.5,3713.9559342559996,N,13701.424814575,E,4,13,0.98,97.014,M,37.566,M,5.5,3006*5D,37.232598904266666,137.02374690958334,679525.160608964,4122594.6095594647
1653,[2021-02-22 16:06:23.186] $GNGGA,70622.6,3713.9559348659996,N,13701.424814753998,E,4,14,0.83,97.01899999999999,M,37.566,M,5.6,3006*55,37.232598914433325,137.02374691256662,679525.1608495209,4122594.610693178
1654,[2021-02-22 16:06:23.279] $GNGGA,70622.7,3713.955932423,N,13701.424814593998,E,4,14,0.83,97.027,M,37.566,M,5.7,3006*5D,37.23259887371667,137.02374690989996,679525.1607095253,4122594.6061703498
1655,[2021-02-22 16:06:23.389] $GNGGA,70622.8,3713.955932425,N,13701.424816685,E,4,14,0.83,97.042,M,37.566,M,5.8,3006*59,37.23259887375,137.02374694475,679525.1638013171,4122594.606240152
1656,[2021-02-22 16:06:23.498] $GNGGA,70622.9,3713.9559320609997,N,13701.424814707,E,4,14,0.83,97.022,M,37.566,M,5.9,3006*52,37.23259886768333,137.02374691178332,679525.1608909293,4122594.6055044844
1657,[2021-02-22 16:06:23.576] $GNGGA,70623.0,3713.955932538,N,13701.424813497,E,4,14,0.83,97.01799999999999,M,37.566,M,6.0,3006*5D,37.23259887563333,137.02374689161664,679525.1590828972,4122594.6063483353
1658,[2021-02-22 16:06:23.686] $GNGGA,70623.1,3713.955932225,N,13701.424813385,E,4,14,0.83,97.02,M,37.566,M,6.1,3006*59,37.232598870416666,137.02374688975002,679525.1589296665,4122594.605765973
1659,[2021-02-22 16:06:23.779] $GNGGA,70623.2,3713.95593376,N,13701.424811538998,E,4,13,0.98,97.015,M,37.566,M,6.2,3006*54,37.232598896,137.02374685898332,679525.1561393773,4122594.6085462463
1660,[2021-02-22 16:06:23.889] $GNGGA,70623.3,3713.955935038,N,13701.424809448,E,4,13,0.98,97.014,M,37.566,M,6.3,3006*57,37.232598917299995,137.02374682413333,679525.1529969821,4122594.610843511
1661,[2021-02-22 16:06:24.014] $GNGGA,70623.4,3713.955934583,N,13701.424808449,E,4,13,0.98,97.01899999999999,M,37.566,M,6.4,3006*5E,37.23259890971667,137.02374680748332,679525.1515377959,4122594.6099705114
1662,[2021-02-22 16:06:24.076] $GNGGA,70623.5,3713.9559347629997,N,13701.424808681999,E,4,13,0.98,97.021,M,37.566,M,6.5,3006*5C,37.23259891271666,137.02374681136664,679525.151875203,4122594.6103107454
1663,[2021-02-22 16:06:24.186] $GNGGA,70623.6,3713.955933657,N,13701.424809603,E,4,13,0.98,97.025,M,37.566,M,6.6,3006*51,37.232598894283335,137.02374682671666,679525.1532807761,4122594.608294567
1664,[2021-02-22 16:06:24.279] $GNGGA,70623.7,3713.955933925,N,13701.42480994,E,4,13,0.98,97.02799999999999,M,37.566,M,6.7,3006*5E,37.23259889875,137.02374683233333,679525.1537684856,4122594.608800825
1665,[2021-02-22 16:06:24.404] $GNGGA,70623.8,3713.955933195,N,13701.424811621999,E,4,13,0.98,97.03299999999999,M,37.566,M,6.8,3006*55,37.232598886583325,137.02374686036666,679525.1562844447,4122594.6075040307
1666,[2021-02-22 16:06:24.482] $GNGGA,70623.9,3713.955931946,N,13701.424812329,E,4,13,0.98,97.03299999999999,M,37.566,M,6.9,3006*5C,37.23259886576666,137.02374687215,679525.1573792367,4122594.6052166414
1667,[2021-02-22 16:06:24.576] $GNGGA,70624.0,3713.9559327790002,N,13701.424813181002,E,4,13,0.98,97.037,M,37.566,M,7.0,3006*5E,37.232598879650006,137.02374688635,679525.158606116,4122594.606784021
1668,[2021-02-22 16:06:24.686] $GNGGA,70624.1,3713.955933777,N,13701.424813071,E,4,13,0.98,97.03299999999999,M,37.566,M,2.1,3006*5E,37.232598896283335,137.02374688451667,679525.1584040043,4122594.608626115
1669,[2021-02-22 16:06:24.810] $GNGGA,70624.2,3713.95593356,N,13701.424813813,E,4,13,0.98,97.035,M,37.566,M,2.2,3006*50,37.23259889266667,137.02374689688332,679525.1595097447,4122594.6082482827
1670,[2021-02-22 16:06:24.889] $GNGGA,70624.3,3713.955935115,N,13701.424812236999,E,4,13,0.98,97.02799999999999,M,37.566,M,2.3,3006*51,37.23259891858333,137.02374687061666,679525.1571179063,4122594.6110740756
1671,[2021-02-22 16:06:24.982] $GNGGA,70624.4,3713.95593604,N,13701.424811565,E,4,13,0.98,97.03,M,37.566,M,2.4,3006*59,37.232598934,137.0237468594167,679525.15608768,4122594.612763408
1672,[2021-02-22 16:06:25.076] $GNGGA,70624.5,3713.955935293,N,13701.424810597,E,4,13,0.98,97.03,M,37.566,M,2.5,3006*5A,37.23259892155,137.02374684328336,679525.1546858777,4122594.611351401
1673,[2021-02-22 16:06:25.217] $GNGGA,70624.6,3713.955935508,N,13701.42481122,E,4,13,0.98,97.02600000000001,M,37.566,M,2.6,3006*52,37.23259892513334,137.02374685366667,679525.155598575,4122594.611768689
1674,[2021-02-22 16:06:25.279] $GNGGA,70624.7,3713.95593498,N,13701.424811453,E,4,13,0.98,97.02799999999999,M,37.566,M,2.7,3006*53,37.23259891633334,137.02374685755,679525.1559639792,4122594.6107996404
1675,[2021-02-22 16:06:25.389] $GNGGA,70624.8,3713.955933965,N,13701.424810305,E,4,13,0.98,97.02600000000001,M,37.566,M,2.8,3006*54,37.232598899416665,137.02374683841666,679525.1543066129,4122594.6088863355
1676,[2021-02-22 16:06:25.482] $GNGGA,70624.9,3713.955933447,N,13701.424812178,E,4,13,0.98,97.024,M,37.566,M,2.9,3006*51,37.232598890783336,137.02374686963336,679525.1570966148,4122594.607987626
1677,[2021-02-22 16:06:25.607] $GNGGA,70625.0,3713.955934442,N,13701.424808335,E,4,13,0.98,97.02,M,37.566,M,3.0,3006*57,37.232598907366665,137.02374680558333,679525.1513748053,4122594.6097061597
1678,[2021-02-22 16:06:25.685] $GNGGA,70625.1,3713.955933268,N,13701.42481127,E,4,13,0.98,97.03,M,37.566,M,3.1,3006*57,37.2325988878,137.02374685450002,679525.1557610737,4122594.6076279003
1679,[2021-02-22 16:06:25.779] $GNGGA,70625.2,3713.9559362990003,N,13701.424810386,E,4,13,0.98,97.01700000000001,M,37.566,M,3.2,3006*50,37.23259893831668,137.0237468397667,679525.154334106,4122594.6132050985
1680,[2021-02-22 16:06:25.889] $GNGGA,70625.3,3713.955937562,N,13701.424809731001,E,4,13,0.98,97.015,M,37.566,M,3.3,3006*50,37.23259895936667,137.02374682885,679525.1533156481,4122594.615520021
1681,[2021-02-22 16:06:26.014] $GNGGA,70625.4,3713.9559354929997,N,13701.424810953999,E,4,13,0.98,97.029,M,37.566,M,3.4,3006*57,37.232598924883334,137.0237468492333,679525.1552058456,4122594.6117325407
1682,[2021-02-22 16:06:26.076] $GNGGA,70625.5,3713.955936052,N,13701.424810424,E,4,13,0.98,97.02799999999999,M,37.566,M,3.5,3006*56,37.232598934200006,137.02374684039998,679525.1544000566,4122594.6127495295
1683,[2021-02-22 16:06:26.185] $GNGGA,70625.6,3713.9559348240005,N,13701.424810213999,E,4,13,0.98,97.025,M,37.566,M,3.6,3006*55,37.23259891373334,137.0237468369,679525.1541380927,4122594.610471985
1684,[2021-02-22 16:06:26.279] $GNGGA,70625.7,3713.955935648,N,13701.424810815,E,4,13,0.98,97.02,M,37.566,M,3.7,3006*5E,37.23259892746667,137.02374684691668,679525.1549941867,4122594.612014785
1685,[2021-02-22 16:06:26.404] $GNGGA,70625.8,3713.955935244,N,13701.42480994,E,4,13,0.98,97.021,M,37.566,M,3.8,3006*5E,37.23259892073334,137.02374683233333,679525.1537163357,4122594.611240016
1686,[2021-02-22 16:06:26.482] $GNGGA,70625.9,3713.9559343140004,N,13701.424810817,E,4,13,0.98,97.022,M,37.566,M,3.9,3006*53,37.232598905233345,137.02374684695,679525.1550498848,4122594.6095479187
1687,[2021-02-22 16:06:26.576] $GNGGA,70626.0,3713.955935073,N,13701.424811685,E,4,13,0.98,97.02,M,37.566,M,4.0,3006*52,37.23259891788334,137.02374686141664,679525.1563033476,4122594.610978956
1688,[2021-02-22 16:06:26.685] $GNGGA,70626.1,3713.9559354259995,N,13701.424812535,E,4,13,0.98,97.022,M,37.566,M,4.1,3006*5F,37.23259892376666,137.02374687558336,679525.15754625,4122594.6116586197
1689,[2021-02-22 16:06:26.779] $GNGGA,70626.2,3713.955935866,N,13701.424812571999,E,4,14,0.83,97.021,M,37.566,M,4.2,3006*5A,37.2325989311,137.02374687619997,679525.1575835596,4122594.6124734706
1690,[2021-02-22 16:06:26.904] $GNGGA,70626.3,3713.955935077,N,13701.424811412,E,4,14,0.83,97.024,M,37.566,M,4.3,3006*53,37.23259891795,137.02374685686667,679525.1558995191,4122594.610977723
1691,[2021-02-22 16:06:26.982] $GNGGA,70626.4,3713.955936025,N,13701.424811498,E,4,14,0.83,97.02600000000001,M,37.566,M,4.4,3006*57,37.23259893375,137.0237468583,679525.1559892021,4122594.612733551
1692,[2021-02-22 16:06:27.076] $GNGGA,70626.5,3713.955935369,N,13701.424812934,E,4,13,0.98,97.035,M,37.566,M,4.5,3006*58,37.23259892281667,137.02374688223333,679525.158138485,4122594.611565826
1693,[2021-02-22 16:06:27.185] $GNGGA,70626.6,3713.9559345209996,N,13701.424811305,E,4,13,0.98,97.02799999999999,M,37.566,M,4.6,3006*54,37.23259890868333,137.02374685508335,679525.1557632867,4122594.609946143
1694,[2021-02-22 16:06:27.279] $GNGGA,70626.7,3713.9559350070003,N,13701.424813698,E,4,13,0.98,97.035,M,37.566,M,4.7,3006*5B,37.23259891678334,137.02374689496668,679525.1592824899,4122594.6109205433
1695,[2021-02-22 16:06:27.404] $GNGGA,70626.8,3713.955934304,N,13701.424815732,E,4,13,0.98,97.037,M,37.566,M,4.8,3006*5F,37.232598905066666,137.02374692886667,679525.1623178684,4122594.609684806
1696,[2021-02-22 16:06:27.482] $GNGGA,70626.9,3713.955935235,N,13701.424817416999,E,4,13,0.98,97.038,M,37.566,M,4.9,3006*54,37.23259892058334,137.02374695694996,679525.1647725869,4122594.6114597484
1697,[2021-02-22 16:06:27.576] $GNGGA,70627.0,3713.9559361459997,N,13701.424817961999,E,4,13,0.98,97.03399999999999,M,37.566,M,5.0,3006*53,37.23259893576666,137.02374696603331,679525.1655424371,4122594.6131616635
1698,[2021-02-22 16:06:27.685] $GNGGA,70627.1,3713.955936309,N,13701.424819066999,E,4,13,0.98,97.03200000000001,M,37.566,M,5.1,3006*5E,37.232598938483335,137.02374698444996,679525.1671699049,4122594.613498029
1699,[2021-02-22 16:06:27.779] $GNGGA,70627.2,3713.9559367859997,N,13701.424819455,E,4,13,0.98,97.031,M,37.566,M,5.2,3006*5B,37.23259894643333,137.02374699091666,679525.1677247668,4122594.614392397
1700,[2021-02-22 16:06:27.904] $GNGGA,70627.3,3713.955937035,N,13701.424820613,E,4,13,0.98,97.027,M,37.566,M,5.3,3006*58,37.23259895058333,137.02374701021665,679525.1694272025,4122594.6148894737
1701,[2021-02-22 16:06:27.982] $GNGGA,70627.4,3713.955936345,N,13701.424819403,E,4,13,0.98,97.03399999999999,M,37.566,M,5.4,3006*56,37.23259893908333,137.02374699005003,679525.1676653153,4122594.6135752234
1702,[2021-02-22 16:06:28.076] $GNGGA,70627.5,3713.955935678,N,13701.424817576,E,4,13,0.98,97.03,M,37.566,M,5.5,3006*57,37.23259892796666,137.0237469596,679525.1649901835,4122594.612284001
1703,[2021-02-22 16:06:28.185] $GNGGA,70627.6,3713.9559351959997,N,13701.424815534,E,4,14,0.83,97.03200000000001,M,37.566,M,5.6,3006*5B,37.232598919933324,137.02374692556666,679525.1619898259,4122594.611328096
1704,[2021-02-22 16:06:28.279] $GNGGA,70627.7,3713.955934895,N,13701.424814517,E,4,13,0.98,97.02600000000001,M,37.566,M,5.7,3006*58,37.23259891491667,137.02374690861666,679525.160497936,4122594.610739317
1705,[2021-02-22 16:06:28.404] $GNGGA,70627.8,3713.95593359,N,13701.424815031001,E,4,13,0.98,97.02799999999999,M,37.566,M,5.8,3006*59,37.23259889316666,137.02374691718336,679525.1613095624,4122594.6083422643
1706,[2021-02-22 16:06:28.482] $GNGGA,70627.9,3713.9559322490004,N,13701.424816433,E,4,13,0.98,97.02799999999999,M,37.566,M,5.9,3006*5E,37.232598870816666,137.02374694055,679525.163435656,4122594.6059067147
1707,[2021-02-22 16:06:28.576] $GNGGA,70628.0,3713.955931195,N,13701.424817812,E,4,13,0.98,97.024,M,37.566,M,6.0,3006*51,37.23259885325,137.02374696353334,679525.1655163921,4122594.6040011765
1708,[2021-02-22 16:06:28.685] $GNGGA,70628.1,3713.9559302420002,N,13701.424819122,E,4,13,0.98,97.03,M,37.566,M,1.1,3006*5F,37.23259883736667,137.02374698536664,679525.1674911068,4122594.6022802345
1709,[2021-02-22 16:06:28.810] $GNGGA,70628.2,3713.955929081,N,13701.42482031,E,4,13,0.98,97.022,M,37.566,M,1.2,3006*50,37.23259881801666,137.02374700516668,679525.1692936532,4122594.6001707856
1710,[2021-02-22 16:06:28.888] $GNGGA,70628.3,3713.955927961,N,13701.424822736,E,4,13,0.98,97.03200000000001,M,37.566,M,1.3,3006*5A,37.232598799349994,137.02374704560003,679525.1729251521,4122594.5981762977
1711,[2021-02-22 16:06:28.982] $GNGGA,70628.4,3713.9559241690004,N,13701.424821023,E,4,14,0.83,97.00200000000001,M,37.566,M,1.4,3006*57,37.23259873615,137.02374701705,679525.1705421405,4122594.591109702
1712,[2021-02-22 16:06:29.076] $GNGGA,70628.5,3713.95592619,N,13701.424826441002,E,4,14,0.83,97.029,M,37.566,M,1.5,3006*5D,37.23259876983333,137.02374710735003,679525.1784735887,4122594.5950183645
1713,[2021-02-22 16:06:29.201] $GNGGA,70628.6,3713.9559266809997,N,13701.424826809,E,4,14,0.83,97.031,M,37.566,M,1.6,3006*53,37.23259877801666,137.02374711348332,679525.1789983159,4122594.59593799
1714,[2021-02-22 16:06:29.279] $GNGGA,70628.7,3713.955926222,N,13701.424826318998,E,4,14,0.83,97.031,M,37.566,M,1.7,3006*54,37.232598770366664,137.02374710531663,679525.1782919202,4122594.595073683
1715,[2021-02-22 16:06:29.388] $GNGGA,70628.8,3713.95592661,N,13701.424826383998,E,4,14,0.83,97.029,M,37.566,M,1.8,3006*5C,37.232598776833335,137.02374710639998,679525.1783726957,4122594.595793257
1716,[2021-02-22 16:06:29.482] $GNGGA,70628.9,3713.9559248990004,N,13701.42482524,E,4,13,0.98,97.03399999999999,M,37.566,M,1.9,3006*5A,37.232598748316676,137.02374708733333,679525.1767487641,4122594.592592987
1717,[2021-02-22 16:06:29.607] $GNGGA,70629.0,3713.955925368,N,13701.424825224,E,4,13,0.98,97.03200000000001,M,37.566,M,2.0,3006*58,37.23259875613333,137.02374708706668,679525.1767065634,4122594.593459788
1718,[2021-02-22 16:06:29.685] $GNGGA,70629.1,3713.955925734,N,13701.424825066999,E,4,13,0.98,97.03200000000001,M,37.566,M,2.1,3006*50,37.23259876223334,137.02374708444998,679525.1764599427,4122594.5941316597
1719,[2021-02-22 16:06:29.779] $GNGGA,70629.2,3713.955927584,N,13701.424823577,E,4,13,0.98,97.03200000000001,M,37.566,M,2.2,3006*59,37.232598793066664,137.02374705961665,679525.1741836027,4122594.597505708
1720,[2021-02-22 16:06:29.888] $GNGGA,70629.3,3713.9559316570003,N,13701.424823675,E,4,13,0.98,97.029,M,37.566,M,2.3,3006*58,37.23259886095,137.02374706125002,679525.1741674765,4122594.6050408916
1721,[2021-02-22 16:06:30.013] $GNGGA,70629.4,3713.9559318270003,N,13701.424823055,E,4,13,0.98,97.03,M,37.566,M,2.4,3006*5D,37.23259886378334,137.02374705091668,679525.1732439909,4122594.6053356677
1722,[2021-02-22 16:06:30.076] $GNGGA,70629.5,3713.955931822,N,13701.424822416,E,4,13,0.98,97.031,M,37.566,M,2.5,3006*5B,37.232598863700005,137.0237470402667,679525.1722993285,4122594.6053062202
1723,[2021-02-22 16:06:30.185] $GNGGA,70629.6,3713.955931894,N,13701.424823658,E,4,13,0.98,97.029,M,37.566,M,2.6,3006*56,37.232598864900005,137.02374706096668,679525.1741329698,4122594.605478632
1724,[2021-02-22 16:06:30.279] $GNGGA,70629.7,3713.9559320420003,N,13701.424824656999,E,4,13,0.98,97.03,M,37.566,M,2.7,3006*56,37.232598867366676,137.02374707761666,679525.1756042917,4122594.6057839063
1725,[2021-02-22 16:06:30.404] $GNGGA,70629.8,3713.955932863,N,13701.424827533001,E,4,13,0.98,97.03299999999999,M,37.566,M,2.8,3006*5C,37.23259888105,137.02374712555002,679525.1798244431,4122594.607393079
1726,[2021-02-22 16:06:30.482] $GNGGA,70629.9,3713.955932749,N,13701.42482853,E,4,13,0.98,97.027,M,37.566,M,2.9,3006*52,37.23259887915,137.02374714216666,679525.1813031667,4122594.60721378
1727,[2021-02-22 16:06:30.576] $GNGGA,70630.0,3713.955932615,N,13701.424827403,E,4,13,0.98,97.029,M,37.566,M,3.0,3006*53,37.23259887691667,137.02374712338332,679525.1796420207,4122594.60693035
1728,[2021-02-22 16:06:30.685] $GNGGA,70630.1,3713.955933886,N,13701.424826848,E,4,13,0.98,97.02799999999999,M,37.566,M,3.1,3006*55,37.232598898099994,137.02374711413333,679525.1787711158,4122594.6092632273
1729,[2021-02-22 16:06:30.779] $GNGGA,70630.2,3713.955935925,N,13701.424825045,E,4,13,0.98,97.02799999999999,M,37.566,M,3.2,3006*5D,37.232598932083334,137.02374708408334,679525.1760244865,4122594.6129768947
1730,[2021-02-22 16:06:30.904] $GNGGA,70630.3,3713.955935857,N,13701.424824628999,E,4,13,0.98,97.02799999999999,M,37.566,M,3.3,3006*54,37.23259893095,137.02374707714998,679525.175412053,4122594.6128379926
1731,[2021-02-22 16:06:30.982] $GNGGA,70630.4,3713.955936328,N,13701.424825735,E,4,13,0.98,97.027,M,37.566,M,3.4,3006*56,37.2325989388,137.02374709558333,679525.177028824,4122594.613743965
1732,[2021-02-22 16:06:31.076] $GNGGA,70630.5,3713.9559367959996,N,13701.424826335,E,4,13,0.98,97.03200000000001,M,37.566,M,3.5,3006*54,37.23259894659999,137.02374710558334,679525.1778975127,4122594.6146283913
1733,[2021-02-22 16:06:31.185] $GNGGA,70630.6,3713.95593577,N,13701.424825676,E,4,13,0.98,97.027,M,37.566,M,3.6,3006*5A,37.2325989295,137.0237470946,679525.1769636461,4122594.6127102054
1734,[2021-02-22 16:06:31.279] $GNGGA,70630.7,3713.955935776,N,13701.424827523,E,4,13,0.98,97.02799999999999,M,37.566,M,3.7,3006*52,37.2325989296,137.02374712538332,679525.179694482,4122594.612779692
1735,[2021-02-22 16:06:31.404] $GNGGA,70630.8,3713.955934747,N,13701.424825406999,E,4,13,0.98,97.03,M,37.566,M,3.8,3006*5D,37.232598912449994,137.02374709011667,679525.1766063347,4122594.610809896
1736,[2021-02-22 16:06:31.482] $GNGGA,70630.9,3713.95593438,N,13701.42482342,E,4,13,0.98,97.03399999999999,M,37.566,M,3.9,3006*55,37.23259890633334,137.023747057,679525.1736827581,4122594.610068397
1737,[2021-02-22 16:06:31.576] $GNGGA,70631.0,3713.9559326179997,N,13701.424823042,E,4,13,0.98,97.036,M,37.566,M,4.0,3006*53,37.23259887696666,137.02374705070002,679525.1731934948,4122594.606798029
1738,[2021-02-22 16:06:31.685] $GNGGA,70631.1,3713.9559312359997,N,13701.424822003999,E,4,13,0.98,97.036,M,37.566,M,4.1,3006*5B,37.23259885393333,137.0237470334,679525.1717132898,4122594.6042095213
1739,[2021-02-22 16:06:31.779] $GNGGA,70631.2,3713.9559312009997,N,13701.424820526001,E,4,13,0.98,97.037,M,37.566,M,4.2,3006*59,37.23259885334999,137.02374700876666,679525.1695292214,4122594.6040980704
1740,[2021-02-22 16:06:31.904] $GNGGA,70631.3,3713.955930575,N,13701.424819732,E,4,13,0.98,97.036,M,37.566,M,4.3,3006*50,37.232598842916666,137.02374699553334,679525.1683799212,4122594.602915326
1741,[2021-02-22 16:06:31.982] $GNGGA,70631.4,3713.955931478,N,13701.424819127,E,4,13,0.98,97.04,M,37.566,M,4.4,3006*5E,37.23259885796667,137.02374698544997,679525.1674496315,4122594.6045660935
1742,[2021-02-22 16:06:32.076] $GNGGA,70631.5,3713.9559334059995,N,13701.424817411002,E,4,13,0.98,97.041,M,37.566,M,4.5,3006*5A,37.23259889009999,137.02374695685,679525.164836034,4122594.608077239
1743,[2021-02-22 16:06:32.185] $GNGGA,70631.6,3713.95593267,N,13701.424816736999,E,4,13,0.98,97.038,M,37.566,M,4.6,3006*50,37.23259887783334,137.02374694561667,679525.1638685201,4122594.606694868
1744,[2021-02-22 16:06:32.279] $GNGGA,70631.7,3713.9559344840004,N,13701.424816921999,E,4,13,0.98,97.037,M,37.566,M,4.7,3006*5A,37.23259890806667,137.0237469487,679525.16407035,4122594.6100552953
1745,[2021-02-22 16:06:32.404] $GNGGA,70631.8,3713.95593552,N,13701.424816493998,E,4,13,0.98,97.03200000000001,M,37.566,M,4.8,3006*51,37.232598925333335,137.02374694156663,679525.1633965215,4122594.6119576097
1746,[2021-02-22 16:06:32.482] $GNGGA,70631.9,3713.9559351529997,N,13701.424818588,E,4,13,0.98,97.036,M,37.566,M,4.9,3006*57,37.23259891921666,137.02374697646667,679525.1665073383,4122594.611345127
1747,[2021-02-22 16:06:32.576] $GNGGA,70632.0,3713.955935422,N,13701.424819357,E,4,13,0.98,97.031,M,37.566,M,5.0,3006*54,37.232598923699996,137.02374698928335,679525.1676337882,4122594.611866893
1748,[2021-02-22 16:06:32.685] $GNGGA,70632.1,3713.9559359,N,13701.424819647,E,4,13,0.98,97.03399999999999,M,37.566,M,5.1,3006*58,37.23259893166667,137.02374699411666,679525.1680436981,4122594.6127600125
1749,[2021-02-22 16:06:32.810] $GNGGA,70632.2,3713.955935866,N,13701.424820179,E,4,13,0.98,97.037,M,37.566,M,5.2,3006*5A,37.2325989311,137.02374700298333,679525.1688316849,4122594.6127139553
1750,[2021-02-22 16:06:32.888] $GNGGA,70632.3,3713.955935705,N,13701.424821243001,E,4,13,0.98,97.036,M,37.566,M,5.3,3006*5A,37.232598928416664,137.02374702071668,679525.1704113423,4122594.6124498593
1751,[2021-02-22 16:06:32.982] $GNGGA,70632.4,3713.955936184,N,13701.424821105,E,4,13,0.98,97.036,M,37.566,M,5.4,3006*57,37.2325989364,137.02374701841666,679525.1701883473,4122594.6133312983
1752,[2021-02-22 16:06:33.076] $GNGGA,70632.5,3713.95593765,N,13701.424822083998,E,4,13,0.98,97.038,M,37.566,M,5.5,3006*5D,37.232598960833336,137.0237470347333,679525.1715779868,4122594.616073281
1753,[2021-02-22 16:06:33.201] $GNGGA,70632.6,3713.955937836,N,13701.424823234,E,4,13,0.98,97.042,M,37.566,M,5.6,3006*56,37.23259896393333,137.02374705390002,679525.1732710892,4122594.6164536
1754,[2021-02-22 16:06:33.279] $GNGGA,70632.7,3713.9559390570003,N,13701.42482185,E,4,13,0.98,97.04,M,37.566,M,5.7,3006*5F,37.232598984283335,137.02374703083333,679525.171176355,4122594.6186678093
1755,[2021-02-22 16:06:33.388] $GNGGA,70632.8,3713.9559407059996,N,13701.424823798001,E,4,13,0.98,97.038,M,37.566,M,5.8,3006*54,37.232599011766666,137.02374706330002,679525.1739915767,4122594.6217788416
1756,[2021-02-22 16:06:33.482] $GNGGA,70632.9,3713.9559395590004,N,13701.424823401001,E,4,13,0.98,97.04,M,37.566,M,5.9,3006*5E,37.23259899265001,137.02374705668336,679525.1734499021,4122594.619645178
1757,[2021-02-22 16:06:33.607] $GNGGA,70633.0,3713.9559397740004,N,13701.424823092,E,4,13,0.98,97.037,M,37.566,M,6.0,3006*5F,37.232598996233335,137.02374705153335,679525.1729844946,4122594.620033001
1758,[2021-02-22 16:06:33.685] $GNGGA,70633.1,3713.955940131,N,13701.424823108,E,4,13,0.98,97.038,M,37.566,M,1.1,3006*5C,37.23259900218333,137.02374705179997,679525.1729940352,4122594.6206936957
1759,[2021-02-22 16:06:33.779] $GNGGA,70633.2,3713.955939516,N,13701.424822497,E,4,13,0.98,97.03200000000001,M,37.566,M,1.2,3006*5B,37.23259899193333,137.02374704161667,679525.1721148961,4122594.6195370774
1760,[2021-02-22 16:06:33.888] $GNGGA,70633.3,3713.955939754,N,13701.424822492,E,4,13,0.98,97.02799999999999,M,37.566,M,1.3,3006*51,37.232598995900005,137.0237470415333,679525.1720980909,4122594.619977048
1761,[2021-02-22 16:06:33.997] $GNGGA,70633.4,3713.955938438,N,13701.424822216999,E,4,13,0.98,97.031,M,37.566,M,1.4,3006*5A,37.23259897396667,137.02374703694997,679525.1717434902,4122594.617534712
1762,[2021-02-22 16:06:34.076] $GNGGA,70633.5,3713.955938729,N,13701.424821133998,E,4,13,0.98,97.031,M,37.566,M,1.5,3006*58,37.23259897881667,137.02374701889997,679525.1701306016,4122594.6180386124
1763,[2021-02-22 16:06:34.185] $GNGGA,70633.6,3713.9559393209997,N,13701.424820528,E,4,13,0.98,97.02799999999999,M,37.566,M,1.6,3006*55,37.232598988683336,137.02374700880003,679525.1692111384,4122594.6191142234
1764,[2021-02-22 16:06:34.279] $GNGGA,70633.7,3713.9559387470003,N,13701.424818985,E,4,13,0.98,97.02799999999999,M,37.566,M,1.7,3006*50,37.232598979116666,137.02374698308336,679525.1669522668,4122594.6180039616
1765,[2021-02-22 16:06:34.404] $GNGGA,70633.8,3713.95593955,N,13701.424818471001,E,4,13,0.98,97.02600000000001,M,37.566,M,1.8,3006*5D,37.2325989925,137.0237469745167,679525.1661604929,4122594.619472678
1766,[2021-02-22 16:06:34.482] $GNGGA,70633.9,3713.9559405259997,N,13701.424816261999,E,4,13,0.98,97.027,M,37.566,M,1.9,3006*59,37.232599008766655,137.0237469377,679525.1628555513,4122594.621207731
1767,[2021-02-22 16:06:34.575] $GNGGA,70634.0,3713.955939189,N,13701.424814303,E,4,13,0.98,97.029,M,37.566,M,2.0,3006*58,37.23259898648334,137.02374690505,679525.1600117292,4122594.618673324
1768,[2021-02-22 16:06:34.685] $GNGGA,70634.1,3713.955938493,N,13701.424815238,E,4,13,0.98,97.03,M,37.566,M,2.1,3006*57,37.232598974883324,137.02374692063333,679525.1614217903,4122594.617415789
1769,[2021-02-22 16:06:34.810] $GNGGA,70634.2,3713.955938507,N,13701.424814201999,E,4,13,0.98,97.03399999999999,M,37.566,M,2.2,3006*57,37.232598975116666,137.02374690336666,679525.1598893502,4122594.617408928
1770,[2021-02-22 16:06:34.888] $GNGGA,70634.3,3713.955937468,N,13701.42481287,E,4,13,0.98,97.03200000000001,M,37.566,M,2.3,3006*5F,37.23259895779999,137.02374688116666,679525.1579608629,4122594.6154454243
1771,[2021-02-22 16:06:34.982] $GNGGA,70634.4,3713.955938106,N,13701.424812858999,E,4,13,0.98,97.02799999999999,M,37.566,M,2.4,3006*5D,37.23259896843333,137.02374688098334,679525.1579193732,4122594.616624912
1772,[2021-02-22 16:06:35.075] $GNGGA,70634.5,3713.955938594,N,13701.424812608,E,4,13,0.98,97.02600000000001,M,37.566,M,2.5,3006*56,37.23259897656667,137.02374687679998,679525.1575289334,4122594.6175194224
1773,[2021-02-22 16:06:35.185] $GNGGA,70634.6,3713.9559379820003,N,13701.424812121999,E,4,13,0.98,97.02600000000001,M,37.566,M,2.6,3006*5D,37.232598966366666,137.0237468687,679525.1568345058,4122594.6163723036
1774,[2021-02-22 16:06:35.310] $GNGGA,70634.7,3713.955937857,N,13701.424814168999,E,4,13,0.98,97.029,M,37.566,M,2.7,3006*52,37.23259896428333,137.02374690281664,679525.1598662512,4122594.616205858
1775,[2021-02-22 16:06:35.388] $GNGGA,70634.8,3713.955939537,N,13701.424814873,E,4,13,0.98,97.027,M,37.566,M,2.8,3006*5B,37.232598992283336,137.02374691454997,679525.160840802,4122594.61933489
1776,[2021-02-22 16:06:35.482] $GNGGA,70634.9,3713.9559400579997,N,13701.424816851,E,4,13,0.98,97.02600000000001,M,37.566,M,2.9,3006*5A,37.232599000966665,137.02374694751666,679525.1637449823,4122594.6203608937
1777,[2021-02-22 16:06:35.575] $GNGGA,70635.0,3713.95593975,N,13701.424818026,E,4,13,0.98,97.02600000000001,M,37.566,M,3.0,3006*5D,37.232598995833335,137.0237469671,679525.1654945815,4122594.6198284645
1778,[2021-02-22 16:06:35.685] $GNGGA,70635.1,3713.955938555,N,13701.424819258,E,4,13,0.98,97.031,M,37.566,M,3.1,3006*57,37.232598975916666,137.02374698763333,679525.1673635284,4122594.6176575315
1779,[2021-02-22 16:06:35.810] $GNGGA,70635.2,3713.95593812,N,13701.424820207,E,4,13,0.98,97.03,M,37.566,M,3.2,3006*50,37.23259896866667,137.02374700345,679525.1687839727,4122594.6168831005
1780,[2021-02-22 16:06:35.888] $GNGGA,70635.3,3713.95593904,N,13701.424821106,E,4,13,0.98,97.029,M,37.566,M,3.3,3006*5D,37.232598984000006,137.0237470184333,679525.1700769045,4122594.6186128515
1781,[2021-02-22 16:06:35.982] $GNGGA,70635.4,3713.955939215,N,13701.424820045,E,4,13,0.98,97.03,M,37.566,M,3.4,3006*50,37.23259898691666,137.02374700075,679525.1685011361,4122594.618902932
1782,[2021-02-22 16:06:36.075] $GNGGA,70635.5,3713.9559380759997,N,13701.424820506001,E,4,13,0.98,97.03299999999999,M,37.566,M,3.5,3006*57,37.23259896793333,137.02374700843333,679525.1692278289,4122594.616811183
1783,[2021-02-22 16:06:36.185] $GNGGA,70635.6,3713.9559397159996,N,13701.424820053,E,4,13,0.98,97.03,M,37.566,M,3.6,3006*51,37.23259899526666,137.02374700088333,679525.1684931568,4122594.6198296687
1784,[2021-02-22 16:06:36.294] $GNGGA,70635.7,3713.955939887,N,13701.424821298999,E,4,13,0.98,97.03,M,37.566,M,3.7,3006*53,37.232598998116664,137.02374702165,679525.1703287984,4122594.6201852844
1785,[2021-02-22 16:06:36.388] $GNGGA,70635.8,3713.9559386720002,N,13701.424823623,E,4,13,0.98,97.03,M,37.566,M,3.8,3006*51,37.23259897786667,137.02374706038333,679525.1738132288,4122594.618011892
1786,[2021-02-22 16:06:36.482] $GNGGA,70635.9,3713.955937251,N,13701.424825608,E,4,13,0.98,97.03200000000001,M,37.566,M,3.9,3006*56,37.23259895418333,137.02374709346668,679525.1768045437,4122594.615446827
1787,[2021-02-22 16:06:36.575] $GNGGA,70636.0,3713.955936707,N,13701.424827678,E,4,13,0.98,97.03299999999999,M,37.566,M,4.0,3006*51,37.23259894511666,137.02374712796666,679525.1798868631,4122594.6145062638
1788,[2021-02-22 16:06:36.685] $GNGGA,70636.1,3713.95593686,N,13701.424828723999,E,4,13,0.98,97.031,M,37.566,M,4.1,3006*5A,37.23259894766666,137.02374714539997,679525.181427484,4122594.61482227
1789,[2021-02-22 16:06:36.810] $GNGGA,70636.2,3713.95593726,N,13701.424826964,E,4,14,0.83,97.031,M,37.566,M,4.2,3006*58,37.23259895433334,137.0237471160667,679525.1788092435,4122594.615506341
1790,[2021-02-22 16:06:36.888] $GNGGA,70636.3,3713.9559353170002,N,13701.424827773999,E,4,14,0.83,97.035,M,37.566,M,4.3,3006*51,37.23259892195,137.02374712956666,679525.180083773,4122594.611938812
1791,[2021-02-22 16:06:36.982] $GNGGA,70636.4,3713.955936937,N,13701.424824083,E,4,14,0.83,97.03200000000001,M,37.566,M,4.4,3006*51,37.23259894895,137.02374706805,679525.1745620094,4122594.614817946
1792,[2021-02-22 16:06:37.091] $GNGGA,70636.5,3713.955936815,N,13701.424822551999,E,4,14,0.83,97.03299999999999,M,37.566,M,4.5,3006*5E,37.23259894691666,137.02374704253333,679525.1723030125,4122594.614543933
1793,[2021-02-22 16:06:37.200] $GNGGA,70636.6,3713.955935249,N,13701.42482446,E,4,14,0.83,97.041,M,37.566,M,4.6,3006*5D,37.23259892081667,137.02374707433333,679525.1751862008,4122594.611708294
1794,[2021-02-22 16:06:37.278] $GNGGA,70636.7,3713.955936068,N,13701.424821888,E,4,14,0.83,97.039,M,37.566,M,4.7,3006*5F,37.23259893446667,137.02374703146666,679525.1713507196,4122594.6131415367
1795,[2021-02-22 16:06:37.388] $GNGGA,70636.8,3713.955934004,N,13701.424822516,E,4,14,0.83,97.044,M,37.566,M,4.8,3006*54,37.23259890006667,137.02374704193335,679525.1723609227,4122594.6093444927
1796,[2021-02-22 16:06:37.481] $GNGGA,70636.9,3713.9559367370002,N,13701.424818907,E,4,14,0.83,97.03399999999999,M,37.566,M,4.9,3006*53,37.23259894561667,137.02374698178335,679525.1669164016,4122594.614284459
1797,[2021-02-22 16:06:37.606] $GNGGA,70637.0,3713.9559329790004,N,13701.424820641001,E,4,14,0.83,97.045,M,37.566,M,5.0,3006*53,37.23259888298334,137.02374701068334,679525.16962897,4122594.6073897136
1798,[2021-02-22 16:06:37.685] $GNGGA,70637.1,3713.955935285,N,13701.424817605,E,4,14,0.83,97.035,M,37.566,M,5.1,3006*5F,37.23259892141667,137.02374696008337,679525.1650486058,4122594.6115581538
1799,[2021-02-22 16:06:37.778] $GNGGA,70637.2,3713.955933662,N,13701.424817858999,E,4,14,0.83,97.035,M,37.566,M,5.2,3006*53,37.232598894366674,137.02374696431664,679525.1654883474,4122594.6085648173
1800,[2021-02-22 16:06:37.888] $GNGGA,70637.3,3713.9559328679998,N,13701.424816956001,E,4,14,0.83,97.037,M,37.566,M,5.3,3006*5B,37.232598881133335,137.02374694926667,679525.1641845173,4122594.6070679477
1801,[2021-02-22 16:06:38.013] $GNGGA,70637.4,3713.9559321720003,N,13701.424815776001,E,4,14,0.83,97.031,M,37.566,M,5.4,3006*50,37.232598869533334,137.02374692960004,679525.1624672255,4122594.6057435493
1802,[2021-02-22 16:06:38.075] $GNGGA,70637.5,3713.955933928,N,13701.424814212,E,4,13,0.98,97.03200000000001,M,37.566,M,5.5,3006*5E,37.2325988988,137.0237469035333,679525.1600851764,4122594.608941427
1803,[2021-02-22 16:06:38.185] $GNGGA,70637.6,3713.955932995,N,13701.42481526,E,4,13,0.98,97.03200000000001,M,37.566,M,5.6,3006*5D,37.23259888324999,137.023746921,679525.1616716968,4122594.6072491854
1804,[2021-02-22 16:06:38.278] $GNGGA,70637.7,3713.9559329579997,N,13701.424815785,E,4,13,0.98,97.03399999999999,M,37.566,M,5.7,3006*54,37.232598882633326,137.02374692975002,679525.1624494564,4122594.6071973615
1805,[2021-02-22 16:06:38.403] $GNGGA,70637.8,3713.955934517,N,13701.424814258,E,4,13,0.98,97.035,M,37.566,M,5.8,3006*50,37.232598908616666,137.02374690429997,679525.1601299068,4122594.6100321035
1806,[2021-02-22 16:06:38.513] $GNGGA,70637.9,3713.9559343809997,N,13701.424815563001,E,4,13,0.98,97.03399999999999,M,37.566,M,5.9,3006*56,37.23259890635,137.02374692605002,679525.1620649331,4122594.6098218574
1807,[2021-02-22 16:06:38.575] $GNGGA,70638.0,3713.9559342109997,N,13701.424814885,E,4,13,0.98,97.031,M,37.566,M,6.0,3006*53,37.23259890351666,137.02374691475003,679525.1610691289,4122594.6094860462
1808,[2021-02-22 16:06:38.685] $GNGGA,70638.1,3713.955934422,N,13701.424815223001,E,4,13,0.98,97.035,M,37.566,M,1.1,3006*51,37.23259890703334,137.02374692038336,679525.1615605706,4122594.6098869303
1809,[2021-02-22 16:06:38.810] $GNGGA,70638.2,3713.955933366,N,13701.424815631999,E,4,14,0.83,97.03200000000001,M,37.566,M,1.2,3006*5F,37.23259888943334,137.02374692719997,679525.1622070852,4122594.607947029
1810,[2021-02-22 16:06:38.888] $GNGGA,70638.3,3713.955931656,N,13701.424817121,E,4,14,0.83,97.038,M,37.566,M,1.3,3006*56,37.23259886093333,137.02374695201667,679525.1644764134,4122594.604831845
1811,[2021-02-22 16:06:38.981] $GNGGA,70638.4,3713.95593115,N,13701.424817821002,E,4,14,0.83,97.042,M,37.566,M,1.4,3006*53,37.232598852500004,137.02374696368335,679525.165531481,4122594.6039182446
1812,[2021-02-22 16:06:39.075] $GNGGA,70638.5,3713.9559324690003,N,13701.424818088999,E,4,14,0.83,97.041,M,37.566,M,1.5,3006*59,37.232598874483344,137.02374696814996,679525.1658756039,4122594.606365907
1813,[2021-02-22 16:06:39.200] $GNGGA,70638.6,3713.9559316990003,N,13701.424818172,E,4,14,0.83,97.039,M,37.566,M,1.6,3006*5D,37.232598861650004,137.02374696953333,679525.1660287811,4122594.6049445905
1814,[2021-02-22 16:06:39.278] $GNGGA,70638.7,3713.955934603,N,13701.424817833,E,4,14,0.83,97.04,M,37.566,M,1.7,3006*56,37.232598910049994,137.02374696388335,679525.1654127012,4122594.610304159
1815,[2021-02-22 16:06:39.388] $GNGGA,70638.8,3713.955935799,N,13701.424818215,E,4,14,0.83,97.04,M,37.566,M,1.8,3006*54,37.23259892998334,137.02374697025,679525.1659302572,4122594.612527966
1816,[2021-02-22 16:06:39.481] $GNGGA,70638.9,3713.95593788,N,13701.424817279,E,4,14,0.83,97.031,M,37.566,M,1.9,3006*52,37.23259896466667,137.02374695465,679525.1644639604,4122594.616346711
1817,[2021-02-22 16:06:39.591] $GNGGA,70639.0,3713.95593961,N,13701.424817953999,E,4,14,0.83,97.031,M,37.566,M,2.0,3006*5D,37.2325989935,137.02374696590002,679525.1653936526,4122594.6195672895
1818,[2021-02-22 16:06:39.700] $GNGGA,70639.1,3713.955940615,N,13701.42481657,E,4,14,0.83,97.03,M,37.566,M,2.1,3006*5C,37.23259901025,137.02374694283333,679525.1633074585,4122594.621382055
1819,[2021-02-22 16:06:39.778] $GNGGA,70639.2,3713.955938693,N,13701.424815867,E,4,14,0.83,97.03200000000001,M,37.566,M,2.2,3006*57,37.23259897821667,137.02374693111668,679525.1623439566,4122594.6178055294
1820,[2021-02-22 16:06:39.888] $GNGGA,70639.3,3713.955937578,N,13701.4248151,E,4,14,0.83,97.03200000000001,M,37.566,M,2.3,3006*56,37.232598959633336,137.02374691833333,679525.1612539128,4122594.615719343
1821,[2021-02-22 16:06:41.731] $GNGGA,70639.4,3713.9559391479997,N,13701.424814105,E,4,14,0.83,97.031,M,37.566,M,2.4,3006*58,37.232598985799996,137.02374690174997,679525.1597205753,4122594.6185912443
1822,[2021-02-22 16:06:41.747] $GNGGA,70639.5,3713.955939022,N,13701.424814263999,E,4,14,0.83,97.027,M,37.566,M,2.5,3006*56,37.2325989837,137.02374690439999,679525.1599606642,4122594.618363263
1823,[2021-02-22 16:06:41.747] $GNGGA,70639.6,3713.955939577,N,13701.424815298,E,4,14,0.83,97.02600000000001,M,37.566,M,2.6,3006*50,37.23259899295,137.02374692163335,679525.1614676523,4122594.619422298
1824,[2021-02-22 16:06:41.747] $GNGGA,70639.7,3713.9559392590004,N,13701.424815637,E,4,14,0.83,97.02600000000001,M,37.566,M,2.7,3006*5A,37.23259898765,137.02374692728333,679525.1619814858,4122594.6188449464
1825,[2021-02-22 16:06:41.747] $GNGGA,70639.8,3713.9559412179997,N,13701.424816241999,E,4,14,0.83,97.02600000000001,M,37.566,M,2.8,3006*55,37.2325990203,137.02374693736664,679525.162798617,4122594.6224867958
1826,[2021-02-22 16:06:41.747] $GNGGA,70639.9,3713.9559407409997,N,13701.424817972,E,4,14,0.83,97.02600000000001,M,37.566,M,2.9,3006*54,37.23259901234999,137.0237469662,679525.1653755505,4122594.6216593846
1827,[2021-02-22 16:06:41.747] $GNGGA,70640.0,3713.9559414309997,N,13701.424819096,E,4,14,0.83,97.029,M,37.566,M,3.0,3006*5C,37.23259902385,137.02374698493335,679525.1670102801,4122594.6229709173
1828,[2021-02-22 16:06:41.747] $GNGGA,70640.1,3713.9559419820002,N,13701.424819627,E,4,14,0.83,97.02799999999999,M,37.566,M,3.1,3006*54,37.23259903303334,137.0237469937833,679525.1677736543,4122594.6240066527
1829,[2021-02-22 16:06:41.747] $GNGGA,70640.2,3713.955941497,N,13701.424819495,E,4,14,0.83,97.029,M,37.566,M,3.2,3006*57,37.232599024950005,137.02374699158332,679525.1675976496,4122594.623105583
1830,[2021-02-22 16:06:41.747] $GNGGA,70640.3,3713.95594113,N,13701.424820998,E,4,14,0.83,97.037,M,37.566,M,3.3,3006*5A,37.232599018833334,137.02374701663334,679525.1698345796,4122594.6224744143
1831,[2021-02-22 16:06:41.747] $GNGGA,70640.4,3713.9559401109996,N,13701.424821546001,E,4,14,0.83,97.03399999999999,M,37.566,M,3.4,3006*55,37.23259900185,137.02374702576668,679525.1706851708,4122594.620607331
1832,[2021-02-22 16:06:41.747] $GNGGA,70640.5,3713.9559371779997,N,13701.424822251001,E,4,14,0.83,97.037,M,37.566,M,3.5,3006*5B,37.23259895296666,137.0237470375167,679525.171843589,4122594.6152057033
1833,[2021-02-22 16:06:41.747] $GNGGA,70640.6,3713.9559335440003,N,13701.424826118999,E,4,14,0.83,97.046,M,37.566,M,3.6,3006*59,37.232598892400006,137.0237471019833,679525.1777066966,4122594.6086077318
1834,[2021-02-22 16:06:41.747] $GNGGA,70640.7,3713.9559307679997,N,13701.424825445,E,4,14,0.83,97.035,M,37.566,M,3.7,3006*5D,37.23259884613333,137.02374709075,679525.1768198415,4122594.6034528445
1835,[2021-02-22 16:06:41.747] $GNGGA,70640.8,3713.955926918,N,13701.42482784,E,4,14,0.83,97.037,M,37.566,M,3.8,3006*5A,37.232598781966665,137.02374713066666,679525.1805134389,4122594.596408862
1836,[2021-02-22 16:06:41.747] $GNGGA,70640.9,3713.955921598,N,13701.424830513999,E,4,14,0.83,97.037,M,37.566,M,3.9,3006*53,37.2325986933,137.02374717523332,679525.1846777006,4122594.58665527
1837,[2021-02-22 16:06:41.747] $GNGGA,70641.0,3713.955915685,N,13701.424831065,E,4,14,0.83,97.04,M,37.566,M,4.0,3006*5F,37.232598594749994,137.02374718441666,679525.1857262242,4122594.575737944
1838,[2021-02-22 16:06:41.747] $GNGGA,70641.1,3713.9559118820002,N,13701.424833121999,E,4,14,0.83,97.035,M,37.566,M,4.1,3006*50,37.23259853136667,137.02374721869998,679525.1889181768,4122594.5687701916
1839,[2021-02-22 16:06:41.778] $GNGGA,70641.2,3713.9559125690002,N,13701.424835531001,E,4,14,0.83,97.037,M,37.566,M,4.2,3006*59,37.23259854281667,137.02374725885,679525.192453093,4122594.5701167984
1840,[2021-02-22 16:06:41.887] $GNGGA,70641.3,3713.955913147,N,13701.424836068001,E,4,14,0.83,97.037,M,37.566,M,4.3,3006*5A,37.23259855245,137.0237472678,679525.1932242783,4122594.571202655
1841,[2021-02-22 16:06:42.012] $GNGGA,70641.4,3713.9559118409998,N,13701.42483382,E,4,14,0.83,97.036,M,37.566,M,4.4,3006*57,37.23259853068333,137.02374723033333,679525.1899519002,4122594.568716438
1842,[2021-02-22 16:06:42.075] $GNGGA,70641.5,3713.955911576,N,13701.424833178,E,4,14,0.83,97.029,M,37.566,M,4.5,3006*54,37.23259852626667,137.02374721963335,679525.189013084,4122594.568206085
1843,[2021-02-22 16:06:42.184] $GNGGA,70641.6,3713.955912551,N,13701.424831272,E,4,14,0.83,97.03,M,37.566,M,4.6,3006*51,37.23259854251666,137.02374718786663,679525.186156215,4122594.569948869
1844,[2021-02-22 16:06:42.278] $GNGGA,70641.7,3713.955910395,N,13701.424826359,E,4,14,0.83,97.023,M,37.566,M,4.7,3006*51,37.23259850658333,137.02374710598332,679525.1789768292,4122594.565806521
1845,[2021-02-22 16:06:42.403] $GNGGA,70641.8,3713.9559093059997,N,13701.424821868999,E,4,14,0.83,97.029,M,37.566,M,4.8,3006*56,37.23259848843333,137.02374703115,679525.172380729,4122594.563650719
1846,[2021-02-22 16:06:42.481] $GNGGA,70641.9,3713.955911706,N,13701.42481951,E,4,14,0.83,97.03399999999999,M,37.566,M,4.9,3006*5F,37.23259852843333,137.02374699183335,679525.1687976954,4122594.568014393
1847,[2021-02-22 16:06:42.575] $GNGGA,70642.0,3713.9559123120002,N,13701.424818088,E,4,14,0.83,97.03399999999999,M,37.566,M,5.0,3006*5A,37.23259853853334,137.02374696813334,679525.1666710875,4122594.569090099
1848,[2021-02-22 16:06:42.684] $GNGGA,70642.1,3713.955914958,N,13701.424817759,E,4,14,0.83,97.039,M,37.566,M,5.1,3006*51,37.23259858263334,137.02374696265,679525.1660799922,4122594.5739728725
1849,[2021-02-22 16:06:42.809] $GNGGA,70642.2,3713.9559200179997,N,13701.424817074,E,4,13,0.98,97.039,M,37.566,M,5.2,3006*5E,37.23259866696666,137.0237469512333,679525.1648670521,4122594.5833085314
1850,[2021-02-22 16:06:42.872] $GNGGA,70642.3,3713.955923285,N,13701.424816341001,E,4,13,0.98,97.039,M,37.566,M,5.3,3006*5F,37.23259872141667,137.02374693901666,679525.1636540318,4122594.589326932
1851,[2021-02-22 16:06:42.981] $GNGGA,70642.4,3713.9559275290003,N,13701.42481563,E,4,13,0.98,97.03399999999999,M,37.566,M,5.4,3006*57,37.23259879215001,137.02374692716666,679525.1624349105,4122594.5971527654
1852,[2021-02-22 16:06:43.090] $GNGGA,70642.5,3713.95592991,N,13701.424814766999,E,4,13,0.98,97.029,M,37.566,M,5.5,3006*51,37.232598831833336,137.02374691278328,679525.1610646907,4122594.601528599
1853,[2021-02-22 16:06:43.200] $GNGGA,70642.6,3713.9559319140003,N,13701.424814638998,E,4,13,0.98,97.03200000000001,M,37.566,M,5.6,3006*5C,37.23259886523334,137.02374691064995,679525.1607961894,4122594.605230493
1854,[2021-02-22 16:06:43.278] $GNGGA,70642.7,3713.9559289040003,N,13701.424812723999,E,4,13,0.98,97.03399999999999,M,37.566,M,5.7,3006*58,37.232598815066666,137.02374687873333,679525.158083579,4122594.5996036436
1855,[2021-02-22 16:06:43.387] $GNGGA,70642.8,3713.955929242,N,13701.42481274,E,4,13,0.98,97.03,M,37.566,M,5.8,3006*56,37.23259882069999,137.02374687900002,679525.1580938753,4122594.6002292014
1856,[2021-02-22 16:06:43.481] $GNGGA,70642.9,3713.955927585,N,13701.424814105,E,4,13,0.98,97.03,M,37.566,M,5.9,3006*55,37.23259879308334,137.02374690174997,679525.1601777475,4122594.597208114
1857,[2021-02-22 16:06:43.606] $GNGGA,70643.0,3713.9559273040004,N,13701.424815005,E,4,13,0.98,97.03,M,37.566,M,6.0,3006*58,37.23259878840001,137.02374691675,679525.1615196492,4122594.5967169213
1858,[2021-02-22 16:06:43.684] $GNGGA,70643.1,3713.955927307,N,13701.424815578,E,4,13,0.98,97.02600000000001,M,37.566,M,6.1,3006*53,37.23259878845,137.0237469263,679525.1623667983,4122594.5967405816
1859,[2021-02-22 16:06:43.778] $GNGGA,70643.2,3713.955928376,N,13701.424817773,E,4,13,0.98,97.03,M,37.566,M,6.2,3006*56,37.232598806266665,137.02374696288334,679525.1655701806,4122594.5987868453
1860,[2021-02-22 16:06:43.887] $GNGGA,70643.3,3713.955928206,N,13701.424819745,E,4,14,0.83,97.027,M,37.566,M,6.3,3006*50,37.23259880343333,137.02374699575,679525.1684928075,4122594.5985348113
1861,[2021-02-22 16:06:43.981] $GNGGA,70643.4,3713.955929277,N,13701.424821416002,E,4,14,0.83,97.03299999999999,M,37.566,M,6.4,3006*5C,37.23259882128334,137.0237470236,679525.1709212948,4122594.600568209
1862,[2021-02-22 16:06:44.106] $GNGGA,70643.5,3713.955930389,N,13701.424822035,E,4,14,0.83,97.03200000000001,M,37.566,M,6.5,3006*53,37.232598839816674,137.02374703391666,679525.1717926147,4122594.6026441692
1863,[2021-02-22 16:06:44.184] $GNGGA,70643.6,3713.9559333859997,N,13701.424824128,E,4,14,0.83,97.023,M,37.566,M,6.6,3006*54,37.23259888976666,137.0237470688,679525.1747689444,4122594.6082526036
1864,[2021-02-22 16:06:44.278] $GNGGA,70643.7,3713.9559364909996,N,13701.424825413,E,4,14,0.83,97.021,M,37.566,M,6.7,3006*5E,37.23259894151666,137.02374709021666,679525.1765462529,4122594.6140352166
1865,[2021-02-22 16:06:44.387] $GNGGA,70643.8,3713.9559369940002,N,13701.424827855,E,4,14,0.83,97.02,M,37.566,M,6.8,3006*5B,37.2325989499,137.0237471309167,679525.1801372424,4122594.615042601
1866,[2021-02-22 16:06:44.481] $GNGGA,70643.9,3713.955937785,N,13701.424829578,E,4,14,0.83,97.01899999999999,M,37.566,M,6.9,3006*52,37.23259896308333,137.02374715963333,679525.1826536878,4122594.616559846
1867,[2021-02-22 16:06:44.606] $GNGGA,70644.0,3713.9559375659996,N,13701.424833518999,E,4,14,0.83,97.023,M,37.566,M,7.0,3006*5E,37.23259895943333,137.02374722531664,679525.1884897194,4122594.616279444
1868,[2021-02-22 16:06:44.684] $GNGGA,70644.1,3713.955939311,N,13701.424832156,E,4,14,0.83,97.015,M,37.566,M,7.1,3006*5D,37.23259898851666,137.02374720260002,679525.1864053251,4122594.619463334
1869,[2021-02-22 16:06:44.778] $GNGGA,70644.2,3713.9559386329997,N,13701.424834186999,E,4,14,0.83,97.01899999999999,M,37.566,M,7.2,3006*5F,37.23259897721667,137.02374723645,679525.1894352769,4122594.618273736
1870,[2021-02-22 16:06:44.887] $GNGGA,70644.3,3713.955938937,N,13701.424831097,E,4,14,0.83,97.006,M,37.566,M,7.3,3006*5F,37.232598982283335,137.02374718495,679525.1848542155,4122594.618738228
1871,[2021-02-22 16:06:44.981] $GNGGA,70644.4,3713.955938818,N,13701.424827975,E,4,14,0.83,97.00399999999999,M,37.566,M,7.4,3006*53,37.232598980300004,137.02374713291667,679525.1802425608,4122594.6184194665
1872,[2021-02-22 16:06:45.106] $GNGGA,70644.5,3713.955936754,N,13701.424826956001,E,4,13,0.98,97.009,M,37.566,M,7.5,3006*5A,37.2325989459,137.02374711593333,679525.1788174184,4122594.6145703546
1873,[2021-02-22 16:06:45.184] $GNGGA,70644.6,3713.95593431,N,13701.42482522,E,4,13,0.98,97.01,M,37.566,M,7.6,3006*5D,37.23259890516666,137.02374708699998,679525.1763471023,4122594.609995852
1874,[2021-02-22 16:06:45.278] $GNGGA,70644.7,3713.955934522,N,13701.424824403,E,4,13,0.98,97.01100000000001,M,37.566,M,7.7,3006*5D,37.2325989087,137.02374707338333,679525.1751306618,4122594.610362071
1875,[2021-02-22 16:06:45.387] $GNGGA,70644.8,3713.955933432,N,13701.4248258,E,4,13,0.98,97.01,M,37.566,M,7.8,3006*55,37.23259889053334,137.02374709666668,679525.1772394384,4122594.6083905282
1876,[2021-02-22 16:06:45.481] $GNGGA,70644.9,3713.955933613,N,13701.424827478,E,4,13,0.98,97.01100000000001,M,37.566,M,7.9,3006*54,37.23259889355,137.02374712463336,679525.1797134645,4122594.6087782937
1877,[2021-02-22 16:06:45.606] $GNGGA,70645.0,3713.955933403,N,13701.424829405,E,4,13,0.98,97.014,M,37.566,M,8.0,3006*58,37.23259889004999,137.02374715674998,679525.1825711312,4122594.608450867
1878,[2021-02-22 16:06:45.684] $GNGGA,70645.1,3713.95593013,N,13701.424830375,E,4,13,0.98,97.015,M,37.566,M,3.1,3006*5C,37.232598835500006,137.02374717291664,679525.1841348313,4122594.602428866
1879,[2021-02-22 16:06:45.778] $GNGGA,70645.2,3713.955929641,N,13701.424830982,E,4,13,0.98,97.01799999999999,M,37.566,M,3.2,3006*5A,37.232598827349996,137.02374718303335,679525.1850517122,4122594.601543759
